-9.777523522106269738e+00,2.654286739205693024e+00,-8.382575989946177586e+00,-9.850059637640871113e-01,4.684542262315135375e+00
2.990867335821898898e+00,2.358349884543338604e+00,-6.873927112651323057e+00,1.926232492984750966e+00,-4.655948483410018213e+00
-8.222451143048565836e-01,-7.301685512530680100e+00,-6.412542373754684277e+00,7.307336860479792584e+00,7.772785095122944021e+00
1.400206487800962307e+01,-1.123366766514496962e-01,-1.293776529522991403e+01,-1.265721449125632958e+01,-8.298917063062646093e+00
-5.943216211732640808e+00,5.266828656341825621e+00,-1.139275333311901406e+01,-1.794908822150902417e+00,4.345849584996508419e+00
7.683814108052167136e+00,-6.141500526519345193e+00,1.351982030465901374e-01,-9.495334772169176318e+00,8.753403881256505148e-01
-7.737385483589950930e+00,4.379357044201839244e+00,-7.315052787559741532e+00,-1.572109957378092560e+00,1.984854248777243590e+00
7.400497050825991074e+00,7.111487920286453601e+00,-7.359816354466341082e+00,-4.954649384637521692e+00,-8.641021670738613381e+00
-3.300357433693111631e+00,4.131653313410296846e+00,-2.220662475674842540e+00,2.320619179782834607e+00,-5.091821890145037166e+00
5.847548119476583039e+00,-1.020175879908741656e+01,-3.877933909412085711e-01,-1.498917912080581694e+01,-4.387106954524339741e+00
3.811503146968726163e+00,6.973779531732824388e+00,-6.188561198701791000e+00,7.901852305722611991e-02,-8.114631396307469657e+00
-1.460204568791909074e-02,-6.607865479795353991e+00,-4.932090029930424890e+00,5.566365317574682336e+00,7.463615240817953911e+00
1.011933101775863486e+00,-7.809361072267979154e+00,-6.085672129361041627e+00,7.057441484902513551e+00,9.334868965456642798e+00
1.250871103730771594e+00,7.903354084881295094e+00,-7.131435635958151664e+00,4.033440365912692727e+00,-7.446624261021083768e+00
-7.897847820299602084e+00,3.859561446495471948e+00,-7.769526931530489122e+00,9.522478275401469183e-01,8.283043608133691116e-01
-6.779660357739616394e-01,-8.215090386390182076e+00,-7.098281210886089987e+00,7.815405798540530746e+00,7.873488646809665426e+00
-8.271453550950081279e+00,5.305921453339673022e+00,-9.862713763950534229e+00,3.850743447247699236e-01,5.011678300184957635e+00
-7.746809041333126977e-01,-7.831584142793619030e+00,-5.891901519616022043e+00,7.865808440630661202e+00,7.503937897896379106e+00
-3.739015561752919936e+00,1.517305734683353791e+01,2.011671252900208096e+00,-7.109541060634914089e+00,-3.758115384384811186e+00
4.751381615037361783e+00,5.188752989779757741e+00,-9.999415144681128353e+00,1.572695016032805260e+00,-6.024599332109243477e+00
-6.085346122255985701e-01,-8.913212742139391409e+00,-4.327552440397528066e+00,9.509944955522749765e+00,9.176928744857505649e+00
-2.179171832614835491e+00,-8.061860151490062520e+00,-5.820876692668218944e+00,8.225686339765289290e+00,7.172862766776390231e+00
7.250979847723826310e-02,-3.411149780806677967e+00,-3.742759183358694841e+00,9.057170870972086618e-01,-3.392013440449215267e+00
-6.661161667650590701e+00,1.585496165274548952e+00,-7.751552289528094164e+00,-5.661853534604797122e-01,4.538567276490697466e+00
-9.714306150326642575e-01,-7.551456343222428202e+00,-5.217002303947356978e+00,7.664390503667881660e+00,7.461907047781108027e+00
-7.722392990215922737e+00,1.484655352429516073e+00,-8.192155321072700502e+00,1.962045036775536266e-01,3.483315944297629585e+00
-4.180717845808514355e+00,6.588643838632296301e+00,-1.011204088239353283e+01,-1.113083453575055781e+00,-2.956085679402291166e+00
8.405201701493819622e-02,-8.746780212418792999e+00,-6.640378640832924617e+00,8.548553732094580582e+00,8.240998214372135422e+00
1.991830548255861366e+00,-2.906891213289291009e+00,1.022209907622382730e+00,-8.841125107511061287e+00,-2.338990339308861799e+00
-6.950412474582538636e+00,1.568616177634404307e+00,-4.807102632592810565e+00,7.559753445646901771e-01,1.939195388295327005e+00
-7.230562754663575120e+00,2.795589451040846996e+00,-1.028541584985641322e+01,2.278974244469064159e-01,5.101253388274825440e+00
-5.090356329141338954e-01,-7.660773665482787820e+00,-5.579451058308496414e+00,7.755334168151651220e+00,8.795875028023571573e+00
-8.016448748396689084e+00,2.069959691917511613e+00,-7.964246257908147442e+00,1.200065115650773340e+00,5.937517146600121976e+00
-8.610898788460730202e-02,-4.931613693784705710e+00,-1.678264036359395561e+01,-7.531507464940103702e+00,5.748284767837257281e-01
6.570747076244767726e+00,1.250963616632711162e+00,-3.168070966101172559e+00,-2.875736094274596866e+00,1.030639742606580178e+01
7.890803109969071194e+00,2.276719405265236196e-01,-4.829287289307626629e+00,-8.401681658189119162e+00,-4.159533683203998855e+00
9.359209410528109174e+00,-1.155200234265346815e+01,-5.760624604735335552e+00,5.538942247880900283e-01,-9.362303055184497680e-01
-3.955055941700230449e+00,7.295016200253322758e+00,-8.385034454257306535e+00,1.551925921236489092e+00,-4.785923585716790107e+00
4.656497777827935280e+00,6.254780044327342914e+00,-7.404547934868532799e+00,-1.777022450036558343e+00,-5.638358545170205183e+00
-8.707064627135016721e+00,7.540704715786090695e-01,-7.080199460563843417e+00,-1.197285504862010352e+00,3.440105329984783022e+00
-3.338305550885976580e-01,-7.308540137736213360e+00,-4.535452073751538471e+00,8.018662250115049517e+00,6.981066053450748932e+00
6.958434821647762725e+00,3.556873678402116212e+00,-1.552422754279855877e+00,-8.405786792743242586e+00,5.996129240583591979e+00
3.950765864677010075e+00,8.592935513948626536e+00,-8.294314509566889093e-01,-3.103366719442806954e+00,4.113386234708372058e+00
-7.186733994107433077e+00,3.760744482098174579e+00,-7.757155269109929918e+00,1.065250168991659585e+00,3.910660685869578934e+00
-5.109060918330315948e-01,-9.020139351716007781e+00,-4.049122326787983894e+00,8.530703730813378627e+00,7.850485271728801173e+00
3.256841453456031488e+00,9.100459575365487552e+00,-9.971810452134146630e+00,7.269333286085006840e-01,-5.100462767906200234e+00
-6.675528601644672655e+00,2.861642799272817950e+00,-9.070775616421945742e+00,1.867115683853692421e+00,4.006641154169447105e+00
-7.686645899346968847e+00,2.386025972802110928e+00,-7.006215585292492776e+00,1.202583046419452018e+00,6.411252101218797961e+00
6.816628277445739847e+00,4.931416193809409876e+00,-6.144628375876087567e+00,-1.085254643125909357e+00,-1.487404303499070046e+00
-7.216750100214209596e+00,-4.923451483599453837e+00,-5.105544677592871672e+00,1.491822893171560693e+00,8.222541076996254361e+00
5.770196524212991562e+00,-3.935108011058928934e+00,-8.682205237259507768e+00,2.072089626438014420e+00,4.996357818645680293e-01
-7.360467976384358124e+00,3.832985399028087325e+00,-8.804334113794514138e+00,2.090962403204621900e+00,1.292764877263830936e+00
2.970581702881557540e+00,-6.154571379357606453e+00,-6.556177583252520868e+00,-1.209712519526728336e+01,2.410337714519416696e+00
3.744088177168842790e-01,4.039483086486973740e+00,-3.736128556490556196e+00,1.417127012509746375e+00,-3.112914285734937447e+00
8.421497658008721743e+00,5.482620311213040942e+00,-5.502641847876651227e+00,1.875264592295890154e+00,-5.105183177595581157e+00
7.683203409973005549e+00,3.751444240545751541e-01,-2.940163963474978992e+00,-1.536475023980571919e+01,7.832791335970836322e+00
-6.484864881864221609e+00,3.502786694060975314e+00,-9.392230732488602740e+00,3.068603382705954896e+00,1.968943499771286687e+00
-1.903716028737426069e-01,-9.317976929998199154e+00,-5.726116647161316742e+00,8.700621116170729863e+00,6.841868694351532554e+00
4.145906398623420586e+00,6.739846265410723625e+00,-5.655225096441512278e+00,4.432880410637411117e+00,-4.523832276970768618e+00
6.349410494494375001e+00,8.706848169487372502e+00,-1.292209653374670353e+01,-5.450787503397811484e-01,-3.628041070366679666e+00
2.524368607397371456e-01,8.814902469094194615e+00,-8.691292199476782443e+00,-3.914241614415990278e-01,-6.431488826533207970e+00
-3.077383783567348985e-01,-1.063737625611719473e+01,-1.173111387365873703e+01,-2.898778562224274324e+00,1.011239306497862067e+01
-7.947221398378401247e+00,3.010658697347097679e+00,-9.404516847471393604e+00,-6.085742879690475560e-01,3.210465695967011257e+00
6.225989000245057969e-01,7.647762359776070440e+00,-1.332068747840727596e+00,1.880219218184321139e+00,-4.049610564464799722e+00
1.080085937864832868e+00,1.932704338863455718e+00,-8.673928963835077610e+00,7.208441676902310746e-01,7.774723680585564622e-01
-7.845579564944269890e+00,1.992252055936406974e+00,-7.492167685601657467e+00,2.466405453765073474e+00,3.788871915533073231e+00
-5.123903526579709933e+00,3.525137183037225785e+00,-8.519325086901652355e+00,9.888068492350204908e-02,5.209476299703537094e+00
-5.232739369047795241e-02,-6.838593442184603077e+00,-4.309922467019172920e+00,8.461998715597598419e+00,7.389750608243008223e+00
-7.153028130016778618e-01,1.023704339403030872e+01,-3.345229972703962940e+00,2.222967764410426206e+00,-8.722265415519139253e+00
5.629511487941103454e+00,2.818474930150101976e+00,-5.565706903464375799e-01,3.543496775094278073e-01,-8.718733930120414755e+00
-8.807440597536650984e+00,1.241938899704929655e+00,-5.493540264791731076e+00,-6.487524256312806603e-01,6.687714291068603600e+00
4.841154514049977209e+00,1.054769873424015891e+01,2.721205296112132466e+00,-3.680155844707691415e+00,-4.366900046244309053e+00
4.645799736719140149e+00,8.522045549494098537e+00,-7.951248319823623234e+00,-1.188907223655384371e+00,-1.676976971209725775e+00
-6.527085616168166737e+00,2.416361848880975050e+00,-8.577937849415500082e+00,5.321055058995296516e-01,1.841643556221503220e+00
1.982280442197038361e+00,7.537538614404331483e+00,-5.866810609706789137e+00,1.332672493507812472e+00,-3.457872987287764932e+00
5.085074582605666471e+00,-4.530140570455856164e-01,-5.615445552339982882e+00,-2.657337113307695287e+00,-4.923211131338776525e+00
-6.242880233854680050e+00,4.933284471336942367e+00,-7.350452558735314668e+00,1.869502873788014830e+00,1.879736679855037895e+00
7.104556326799982280e-01,8.552063342784839151e+00,-6.401240745821358935e+00,1.486212041148867735e-01,-9.931552359489407067e+00
-1.903058346973257597e-02,-6.113839512353961503e+00,-7.360921682288977586e+00,8.394907996319567189e+00,6.635167523250683708e+00
9.073787741814772545e+00,-4.788453469834786702e+00,-6.430470323464679616e+00,-3.630002401914524501e+00,2.738396797594869092e+00
-7.765970715112433531e-01,-7.251905281517212032e+00,-3.771506678424378478e+00,8.056855186888583376e+00,8.478521293080103050e+00
6.346377117666772705e+00,1.122069303118943040e+01,-1.017316348746194699e+01,-9.198823223799598381e+00,-5.389009274705443886e+00
-6.503419254858398002e-01,-8.552166420027235816e+00,-6.129357408170386989e+00,6.157896393464771023e+00,8.143898934379755872e+00
6.745812912647942916e+00,7.164956686832256061e+00,2.479616672955925694e+00,-4.883127156985550776e+00,7.744898572317087115e+00
-1.083581596414324277e+00,-6.743583124238468507e+00,-7.912585911912331404e+00,7.834154861525343350e+00,7.716923549732596754e+00
2.143402498182158666e+00,-8.134421328821275665e+00,-5.401240983398962747e+00,7.850586577552918222e+00,6.269348368835910179e+00
7.577071521702952950e+00,-1.039234025817509455e+01,-9.580483003140889409e+00,-1.041927329394968460e+00,7.610482666396118923e-01
2.935100355318773779e-01,-1.678525184976776830e-01,5.334832859486105860e+00,-4.749945273890247677e+00,6.359230789418979235e+00
3.864153498958096566e+00,-8.577514880364260463e+00,-2.698052483939615609e+00,-5.979047652808176849e+00,-8.656363288165204395e+00
2.581259251492580731e+00,-7.526450583893093960e-01,6.991737104865302754e+00,5.837089810848539173e-02,3.339456867343890689e+00
7.527098392999322485e+00,-4.184871518500800747e+00,-8.665070759128816746e+00,-6.982275654127079179e-02,-3.646547415655021496e-01
-6.329785727015239338e+00,1.547449264872489350e+00,-7.403797207928741742e+00,7.524952415694100560e-01,3.697413217605958646e+00
-6.360880258941574716e+00,3.482924417473431067e+00,-7.650676874547867712e+00,-1.087891204834477543e+00,2.547382578974004552e+00
-8.194371728234225216e+00,4.613480974937506751e+00,-9.289715051148402125e+00,9.973857026053903896e-01,4.028538882146968980e+00
-5.682643096227440793e+00,2.068916389134641154e+00,-7.562319363216506218e+00,-8.546706457171369120e-01,3.824137974806813833e+00
-7.861364969241040335e+00,2.065272517566425492e+00,-9.406959719517036689e+00,-1.267989849566166782e-01,3.190478865313684853e+00
5.470575360388279407e+00,2.251269443063778297e+00,-3.472380545099645666e+00,3.306342249932345823e-01,-4.751050856690586244e+00
-8.003105937109015855e+00,3.237352079701364183e+00,-7.549218491202770664e+00,1.438522223860523308e+00,2.824328145196199458e+00
-1.817249948628326450e+00,4.045595983086829328e+00,-5.294377955190109120e+00,-1.677997598527364431e+01,-3.027393231812606444e+00
-3.918717901424448868e-01,-9.484651652170674296e+00,1.239062418385002751e+00,3.213088655180449393e-01,5.579829898213001016e+00
-1.089475605353968035e+01,3.042208667972548408e+00,-6.278360306271032698e+00,-3.522092677407323569e-01,2.304302256954886552e+00
5.048735246469435722e+00,1.140521980382908307e+00,-2.042056941625467470e+00,-2.550508440701342305e+00,-2.223997622105958527e+00
8.059645406226961128e+00,5.956677001287941309e+00,-2.018908181211132025e+00,3.544104071166568559e+00,-1.174168683388777090e+01
4.794103006829748548e-01,-8.123127107274795478e+00,-6.427147058398363200e+00,9.557632954960487481e+00,7.274650025535084552e+00
8.482901635089652448e-01,-7.025843219006087992e+00,-8.410416759852409996e+00,6.418905563695246563e+00,6.882274889672427065e+00
-1.480510054756777327e+00,-6.984710497574186050e+00,-4.721977436081881585e+00,7.428835625337598891e+00,8.657629236636806169e+00
9.583310736372069982e+00,2.166931821234689526e+00,1.600508542178048721e+00,4.622075114950835228e+00,3.105613861282908950e+00
-7.354789369072053162e+00,2.891756722312767369e+00,-7.552887297008759937e+00,1.863174350015312397e+00,2.266354494383428619e+00
6.609285556754528557e+00,8.335102620841080778e+00,-9.405764878893265291e+00,-3.534342803329676208e+00,-6.970606612090660903e+00
7.882058253566336603e+00,7.411083780187638581e+00,-3.055138522247240473e+00,-4.334048541846967417e+00,-3.244612796399703125e+00
-6.402223377109907076e+00,9.003531727215134950e-01,-7.180701008144814601e+00,4.658483907463120688e-01,4.523960583801170721e+00
4.145750212592266948e+00,6.518870721492436182e+00,-3.784358390276008954e+00,8.132483616731980280e-01,-6.402002365566050734e+00
-5.736890533861931374e-01,4.917985295779159216e+00,-6.462779790763498511e+00,-1.289907745800461525e+00,1.439252411063996817e+00
2.391041552515487112e+00,4.164349386221097404e+00,-9.376021364746513598e+00,1.511246732456615893e+00,-1.091011276682767317e-01
4.424744724398405715e+00,5.893144434697268785e+00,-1.512400636836389367e+00,-1.545616436840184171e+01,1.774044258343794533e+00
1.552457555298511815e+00,-8.015031688507638918e+00,-5.788206889064807292e+00,7.109026996732818127e+00,6.081116181362920869e+00
-6.996838895666757985e+00,2.710121414215068025e+00,-7.230927483490475538e+00,3.664847590119507892e+00,5.577269241531595867e+00
-6.483479430378894293e+00,2.982066056494006023e+00,-8.328349655031438203e+00,3.127272578938924408e+00,4.731367045471016830e+00
-3.926517407151896011e-01,-9.383713634172021756e+00,-5.589102669767341602e+00,8.683775270681001857e+00,9.481215305071476251e+00
1.897822104042381053e+00,-8.071042837007224691e+00,-6.302999553480002071e+00,9.419768475426163690e+00,8.560139082330067595e+00
-7.942072660033516751e-02,-7.357575279230792020e+00,-5.480267305449946669e+00,9.320354667773942836e+00,6.563221678040771501e+00
5.937527680700512178e+00,-1.426786934729319611e+00,-5.396664107643895036e+00,-1.002803289995406022e+00,-7.890292508696271412e+00
1.054537440112902180e+00,-8.753712715161677593e+00,-4.704805939969240569e+00,9.065248886599183820e+00,8.188792255580834123e+00
-8.729565310487246155e-01,-6.889601733612495060e+00,-5.156751898771835485e+00,9.379297529873491968e+00,9.112077251724945981e+00
-5.998600424938711484e-01,5.821670910306536051e+00,-6.719785928726354385e+00,-7.153304581557373698e-01,-7.969613816636551995e+00
-7.512045149869322813e+00,2.929016153821301316e+00,-8.329137059834136991e+00,4.639106138760159537e-01,2.832617264829865977e+00
1.106379677011454454e+00,-3.282323091553303485e+00,4.950455729559868345e+00,-6.848849113181101345e-01,-3.429114395178903152e+00
-4.189840496872827558e+00,2.997421222963167153e+00,-1.023980472442831058e+01,-6.594492747193363424e-01,4.072752784499315659e+00
-2.111000714665518807e-01,-8.450761354473691256e+00,-6.339776045379739600e+00,8.910000607773872261e+00,8.389700777822449496e+00
-7.933889971265747576e+00,2.524555548627966051e+00,-8.910561271122860560e+00,2.436013356542380048e+00,7.023000633583871277e+00
2.136028487931969533e+00,7.069022262087674591e+00,-4.701420274328286908e+00,-1.562112943641510654e+00,-5.461670230409284343e+00
2.324036583889048657e-01,-3.950481518671849823e+00,-5.681058020186858570e+00,-6.633575801782206405e+00,3.846641292722054573e+00
6.225590296051233263e-01,-8.763668551749589142e+00,-7.187810294796543431e+00,8.241050117236403239e+00,9.116046556994053418e+00
-7.616962869488659305e-01,-8.315184368558941941e+00,-6.561969799604872478e+00,8.338585137730360586e+00,6.597992464362462783e+00
-8.136466814371756229e+00,5.158211643459316598e+00,-8.305164468025832747e+00,1.386700706618537282e+00,4.461550081157354519e+00
2.722023569867726422e-03,1.152897362972624684e+00,-9.432287066588411761e+00,5.450402601887422094e+00,-7.921084685244224488e+00
-7.954276973791384542e+00,2.408717168607262593e+00,-8.061460945276220258e+00,-2.470093109265880660e-03,2.352278485391394725e+00
-1.403654394244616022e+00,4.977377961768434389e+00,-9.628602788376619870e+00,-3.352770344096897226e+00,-1.178624500105836681e+01
9.007229022619501535e+00,5.407186284260417253e+00,-2.572927874659202807e+00,2.320328523265784426e-01,5.950350701068169101e+00
-6.334048793239525743e+00,2.995525138674967280e+00,-7.326451001815570407e+00,1.520645948353581467e+00,1.179031520277317391e+00
-2.097439496072187881e-01,-7.774770751124311374e+00,-5.969985409964261969e+00,8.519841367765309315e+00,8.429968042817751694e+00
3.126783076064539646e+00,5.219310517919122816e+00,-1.011389037650102196e+01,2.463236807812665852e+00,-3.658137147270156042e+00
-6.675371166654389121e-01,-7.577002487628476501e+00,-6.859303195301590605e+00,8.841416561133961238e+00,8.348445220096024855e+00
3.698885894371141125e-01,-7.197382859112749998e+00,-5.528632002345595708e+00,8.735806927503293906e+00,7.462675852805388921e+00
-6.202833610729590497e+00,4.041023716669801757e+00,-7.725514930415253723e+00,8.686454789355944062e-01,4.316538016318899551e+00
-6.320576477711739027e-01,-1.031109555986052051e+01,-5.481815213825912636e+00,7.917465118435488058e+00,7.525466423291799600e+00
-1.471442367710710464e+00,-4.463369904759531437e+00,1.278421678523669947e+00,1.453047290761226407e+00,4.932122475873399026e+00
-3.981432416560171106e-02,6.457417779722131712e+00,-8.467346078810521703e+00,-4.611283784587938861e+00,-8.253014589075931440e+00
-3.369415157907389435e-01,-6.789918132303904841e+00,-3.598415766624903700e+00,6.259435006459259654e+00,9.434016922998482713e+00
6.870328513920921587e+00,7.164418001761390542e+00,-5.910572402711650852e+00,2.116506755389584882e+00,-8.653419188795497874e+00
-4.094536221551120292e+00,5.153709789758150528e+00,-6.532711232508888521e+00,1.320736993294682637e+00,5.524293613500145916e+00
-5.687753743487439229e-02,-7.382201129230409720e+00,-4.918082900845606176e+00,7.906439400889685665e+00,7.977041135439110420e+00
-1.605424355728879426e+00,9.406941180631328336e+00,-2.431389924207382869e+00,1.168748309405337471e-01,-7.405462121981710943e+00
6.944122034515303632e+00,1.116431886241695759e+00,-5.157590695209064435e+00,-6.246891457345982168e+00,-5.601260853634733472e+00
7.563476697540236771e+00,1.101789404005749340e+01,-3.157947653845808667e+00,-4.651055011585975230e+00,-2.247364445309334879e+00
3.447411112568242508e+00,7.460125578698370674e+00,-9.737351342032296131e+00,9.208106572325944761e-01,-9.568609225011599051e+00
5.413089912715028262e+00,6.898162886967646124e+00,-4.654949568759432665e+00,-2.008400902129533261e+00,1.101399432832494085e+00
-6.548420474796183832e+00,3.320914995943958115e+00,-8.200167905131506174e+00,1.633774020165355667e+00,3.454202158007786405e+00
2.837448633159897482e-02,-8.406735701952650075e+00,-5.063649771210522843e+00,9.636187728247318063e+00,7.544834362024535501e+00
-6.699319089805679361e+00,2.029456326374980080e+00,-7.419143078923474910e+00,1.390943475622089531e+00,3.712432630400612776e+00
2.702552860282419367e+00,-2.376167092967466310e+00,-5.318442618923169718e+00,1.178921838277982914e+00,4.037939089423254302e+00
2.239023853890904636e+00,3.990129577705202824e+00,-1.638638168524454208e+00,1.649740884063642277e+00,-5.788054767562724301e+00
-9.086373006755033899e+00,2.131079289883519579e+00,-8.166480431270151996e+00,-2.244824333751994638e-01,3.018513893036969709e+00
-1.644135700646830678e+00,-7.558221743790766389e+00,-7.408460216543205412e+00,-7.780369645930940159e+00,4.760905415620718450e+00
-4.078935972635597262e-02,-7.206583839159605986e+00,-5.801987571559880763e+00,9.337141196151177880e+00,7.870931623930159660e+00
-1.473805797193245448e+00,-8.009818200868577875e+00,-6.679261514367058616e+00,8.674247340821438002e+00,7.844446261543061460e+00
-5.778997374046994651e+00,4.683762922977850351e+00,-8.479974171389883963e+00,1.419181232196075726e+00,5.659350510980195814e+00
-7.122066287695006714e+00,2.139218732810179713e+00,-7.615558811225622726e+00,-8.171680714927807010e-01,4.232801821711943191e+00
-6.848057637767069217e+00,3.994346174071989442e+00,-9.731840819922037866e+00,1.053923035622857718e+00,5.254714345615616011e+00
5.727395658299905712e+00,3.648449676015779186e+00,-2.694998893299065834e+00,-3.722765758026286509e+00,-3.676770687984076247e+00
6.422008841830683323e+00,4.761426763082390323e+00,-1.087865833417685124e+01,-6.929944746444273385e+00,-3.568279293256941820e+00
-2.674334185195915037e+00,-8.637653610566653484e+00,-5.961500362028281153e+00,8.247474197483532166e+00,6.741229552431459382e+00
1.210908669685996486e+01,3.820345508702557957e+00,-4.282885355868009114e+00,-9.433443980827490805e+00,-4.238300597787944213e+00
-1.099052447663284138e+00,7.098464141047933218e+00,-6.627415264160708475e+00,-2.666031555952955046e+00,-1.109018163782880606e+01
-2.023242503859449037e+00,-8.569699510227168915e-01,3.722094943485553031e+00,-3.679072175697584157e-01,1.300802664867537572e+01
4.577490768324204984e-01,-8.032959136116520682e+00,-3.168012173743924631e+00,7.201807318928137747e+00,7.264490669679488200e+00
-1.224221078360605425e-01,-9.054744862317241072e+00,-3.334440026097217125e+00,8.909159890830380846e+00,8.198493702547096973e+00
-8.116768168711546494e+00,3.905421606070426765e+00,-8.339978481018626155e+00,-8.433419322096058490e-01,2.079050188253209974e+00
-7.455925895502092615e+00,2.391858813115673499e+00,-7.666892801912669420e+00,-3.901304973793305209e+00,6.133547332584571521e+00
-3.864469468741624225e-01,-8.496720632837705622e+00,-4.741863840982881939e+00,7.327106321740119554e+00,6.244730461979742131e+00
4.871842564707549172e-01,2.619346037221752077e+00,-2.653316227718007347e+00,-2.668063342700489837e+00,-7.646422351877011359e-01
-1.969260911890290400e+00,-7.267538774455235995e+00,-4.865123703152995027e+00,7.284576481607876630e+00,7.086204644626182159e+00
-6.422195952819433451e+00,3.073777894637603314e+00,-7.601235962849506755e+00,-9.997388061885119637e-01,3.797833286354649562e+00
1.031172168681884571e+01,4.011052118110336462e-01,-1.089587901645850065e+00,-1.196625496428540991e+01,-2.914257768719752395e-01
8.902260124309069766e+00,3.606041154025139583e+00,-8.992920267434538317e+00,-6.901821470688643601e+00,-2.531766362575484930e-01
3.497843623106700051e-02,-9.946420581587871013e+00,-4.176264544561162140e+00,9.998385259508509648e+00,7.585612440710779225e+00
1.780992370484894671e+00,-8.357083478945229515e+00,-5.411503561107109839e+00,8.433671182616590656e+00,8.456016578075981727e+00
-5.691831174398805926e-01,-7.333775394032596040e+00,-4.674194670982301680e+00,9.295033612097892473e+00,9.771091522879142843e+00
2.522004637570265384e+00,1.026453860487493763e+01,3.855831154854883813e+00,-4.892915603208162878e+00,-1.019319261896675322e+01
-7.737644940795534332e+00,3.158211319787747495e+00,-8.104826661699956247e+00,-7.160253353656007569e-01,2.244271395501026500e+00
-1.299131613937370977e+00,-8.726633255028808378e+00,-6.664050352005420841e+00,7.804273456987009361e+00,7.317837405564646680e+00
-4.917156979804914729e-01,-8.401455550351018431e+00,-7.318874991691867393e+00,7.431339619405744834e+00,7.923762903767991084e+00
1.306831462275477529e+00,-8.843144613450604652e+00,-3.833833618361897067e+00,8.145258681626758701e+00,6.570642189198196093e+00
-8.396479014315095801e-01,-7.211095459384849526e+00,-5.235075807817428206e+00,7.889620829553149584e+00,8.135637006200882482e+00
1.306852367436601625e+01,2.383084766894215445e+00,-1.791806632291043533e+00,-1.264699316669683071e+01,-9.368905351871692488e-01
4.006049880053348389e+00,3.486428887211663330e+00,-6.636193613906380406e+00,-1.312567619245097994e+01,-1.758262654940689895e-01
-1.388771884438032345e+00,5.376733195119761000e+00,-6.055563405086275885e+00,-2.449237093820331168e+00,-4.003860844887797477e+00
-6.315628411119730501e+00,2.010738826006115865e+00,-7.678997872990544593e+00,-1.070119099447066624e+00,3.577824834462624004e+00
2.564281865840831287e+00,4.407547305926863501e+00,-7.674096368816817559e+00,5.151278907439730048e+00,-4.900665492172252335e+00
-1.769926465580188513e+00,3.893880674910222162e+00,-1.039883902491961365e+01,-1.981339881731935204e+00,-3.099288663686534218e+00
3.500509791075986143e+00,1.341646795371156031e+01,-7.347260354845286834e+00,1.235893912974698861e+00,-9.049476938024456629e-01
2.325345198453792062e+00,4.950331152681378022e+00,-5.414159196184825440e+00,-6.294873752207100992e+00,-4.477994882198907511e+00
-6.538253375444558202e+00,3.036321444890072829e+00,-8.337668253379368011e+00,3.324321965420825586e-01,2.561975633526867746e+00
-5.596323551009239061e+00,2.256046054601585027e+00,-9.896624024387852714e+00,-1.662004912812888424e+00,3.523578878042616047e+00
7.118866746250247957e+00,7.819243921758791682e-01,-4.295490529429355497e+00,-1.217835168717689065e+01,-5.321793710826731250e+00
1.901375761965821365e+00,7.399606888703000429e+00,-4.239860213749991225e+00,2.381364603232776656e+00,-4.551679591650390933e+00
2.020051688554043601e+00,5.165018945329010513e+00,5.850555618628407117e+00,4.081523074665360795e+00,-1.413976773774103002e+01
1.753828434169464767e+00,2.806499946353614661e+00,-2.524526790897213324e+00,-2.413998163951616149e+00,-5.889779753666885220e+00
-7.886840222466269701e+00,2.874804834606733195e+00,-7.282895310302603953e+00,-5.054767805881155152e-03,6.012816847605563453e+00
-7.378737937985474282e+00,3.951197867887755510e+00,-9.310107332002397484e+00,1.365002968965203678e+00,1.981502433642572836e+00
3.904675465183299332e-02,-7.482287573641521305e+00,-5.711017483868292111e+00,7.330016004982751632e+00,9.928196968766901165e+00
-7.941472275237662082e-01,-7.354247638760043948e+00,-5.530044268406069108e+00,6.507429867254174383e+00,6.615839266219539994e+00
9.059705728767628585e-01,1.368973609373611922e+01,-2.294945497782733490e+00,-2.813832297853559261e+00,-3.575693796758637966e+00
1.080861654283815643e+00,-8.224519987279379052e+00,-4.853119084672852246e+00,7.167770120743847784e+00,6.419795837663023974e+00
-7.964438184335351778e-01,-7.236629606327468878e+00,-5.751826291037449579e+00,7.103156517986489504e+00,8.339740104237071350e+00
-8.424999085035596025e+00,4.246775548870505901e+00,-8.793624929470933438e+00,-6.660409592691418634e-01,3.264244605846232883e+00
8.261503582426794168e+00,1.163416481210289177e+01,8.840263525126745847e-01,-1.340948104386729955e+00,-2.495015488034040274e+00
-8.735431379398279628e-01,-7.782308232359478772e+00,-5.348681214330771816e+00,6.706712729038831533e+00,9.179720179162748295e+00
1.193239375470472652e+00,2.338824073734056874e+00,-3.219563071229885054e-01,-6.452101008964112872e+00,5.352422635944218854e+00
-7.589284972255895489e+00,2.027752421050680098e+00,-7.028682821356941446e+00,3.825942257366425348e-01,2.695186468509584543e+00
-7.887790269221491180e+00,4.200149287781274055e+00,-6.896854237906982377e+00,2.099301983822090989e+00,2.527586258873639302e+00
-6.621568273445505248e+00,1.820516394114991110e+00,-9.573179363514762841e+00,-1.896280095174533997e-01,4.453182199230793614e+00
-4.464349016328614250e-01,-7.976460766201421748e+00,-6.184595659166772563e+00,7.072066896910691014e+00,6.796938224136613194e+00
4.894193799713234760e+00,6.733778636985868538e+00,-2.247033054606109470e+00,-3.113631665536198412e+00,-5.393708655017204201e+00
-5.555084228602916951e+00,3.284718626376351036e+00,-7.376001290221189777e+00,-8.063225253694861205e-01,1.627770233856283610e+00
-6.981567244470555877e+00,3.244247900965417930e+00,-6.371650618205840111e+00,1.352481374143408299e+00,1.867737155761890033e+00
-6.274763080534921933e+00,2.567092794948014678e+00,-7.847501794433924260e+00,3.293425370594056378e-01,1.974361052336154776e+00
-5.063738526315552768e+00,3.794209078057070528e+00,-6.053894348272402581e+00,1.947932525769859868e+00,2.470431078278419790e+00
2.925881506370822116e-01,1.343248758632438822e+01,-5.069596685882091336e+00,-3.725361358570635772e+00,-5.123711135208537826e+00
-7.684342805556471312e+00,3.484539536293645767e+00,-8.233715053804196771e+00,-9.898594277991199508e-01,2.881933625330162396e+00
-6.975398131910590216e+00,3.779602849223095973e+00,-8.937566546884056606e+00,2.365229080053667943e+00,1.833145369107140876e+00
-6.731121854181851383e+00,4.381001845809521456e+00,-7.785542723615686889e+00,1.328657186101528387e-02,4.311503894545415605e+00
-2.381560397162629239e-01,-8.540932889238955994e+00,-5.126377565765355193e+00,9.120955749153701220e+00,8.075964334313651349e+00
-8.875513470119072323e+00,2.907596055362326126e+00,-9.508338136526484519e+00,3.269765457648681206e-01,1.255953273651394753e+00
4.141276071995452668e+00,-9.733712690550342828e+00,5.084154870200974230e+00,-9.614979712351452434e+00,1.657766154860094687e+01
5.603566437697486080e+00,1.177874911367807087e+01,-1.196541291547537966e+01,2.598759102935646048e+00,-3.349920836170131366e+00
5.666692509032733582e+00,3.943258245952842245e+00,-8.753939647452302353e+00,1.724563046415699130e+00,-7.092035102721991890e+00
1.171243848993971159e+00,-9.370611719227524006e+00,-5.719660288193903597e+00,8.257941895844448155e+00,7.027988272835361094e+00
9.129257057547482290e+00,8.699639640379354333e+00,-5.469839318357339053e+00,-2.231579352261946259e+00,-2.113127615175164564e+00
3.885339269398537354e+00,4.106343834113398650e+00,-6.229276258089027962e+00,-1.800282570641799529e+00,-6.605427569674608534e+00
-9.119225792212911630e-01,-1.029012791839448937e+01,-6.239244674962543868e+00,8.020107859640210890e+00,7.317540075140080091e+00
2.721071290048109770e+00,-2.338035714271468724e+00,-2.225584925841065598e+00,-8.526201216322617071e+00,-2.245925384795971702e+00
-1.641389106715519075e+00,-9.090524532473281738e+00,-5.103236297214800210e+00,8.856567408658264640e+00,7.368433970103359876e+00
-2.361120913407691813e+00,-8.465613904708577664e+00,-5.344757819557306888e+00,6.704198883253777552e+00,6.637649581820884492e+00
5.110315420108160644e+00,-3.963034244632960057e+00,-5.121981726652195199e+00,3.526351975467489908e+00,4.263778524750779120e+00
-1.765889397383257453e+00,8.674296768023916471e+00,-1.180652373382638487e+01,-6.211262135968577347e+00,-5.589886349447019676e+00
3.257075026835857479e+00,8.581009483614050026e+00,-6.438512850516683983e+00,1.229017962773262029e+00,-3.521217614371692228e+00
-9.110860906031192030e+00,2.531539436445156444e+00,-7.423025726809655112e+00,-2.700312641672794056e-01,1.879907996183442842e+00
-4.949002136033476162e+00,3.119055799679126828e+00,-7.394897802173111323e+00,6.161061244496806033e-01,1.901346022818163783e+00
-9.905954155489258284e-01,7.057844465067361739e+00,7.650998786723357981e+00,-8.489782737460757289e+00,-5.784132695494747622e+00
6.064766514079975579e+00,-4.940391777740591017e+00,-5.747406969423121126e+00,-9.557919731090226634e+00,3.734462081848676007e+00
6.195241422949745669e+00,3.380721566320505023e+00,3.954642781585712363e+00,1.073375405097265478e+00,6.607917269212495448e+00
-2.762217736820573144e+00,9.247069717453008764e+00,-3.023299523561516544e+00,1.880589454003761540e-02,-8.287361538278462447e+00
-3.789243332774698381e+00,6.863974098726879802e+00,-5.745875923665868967e+00,2.062917836613831213e+00,-4.911733506913956049e+00
-7.527731248005236964e+00,3.338797235333487379e+00,-8.424662180843055737e+00,4.049742120197345474e-01,5.234231996904965101e+00
-6.690725111806673731e+00,4.356648193594988783e+00,-9.088883306788405392e+00,-1.338462412848840266e+00,3.212785316639019229e+00
8.280684367428545745e-01,5.631602265485897263e+00,-5.922815916670486125e+00,2.670325133101087545e+00,-6.292883740982420093e-01
-8.320160038833432359e-02,-6.653597950314056320e+00,-6.636120230868163716e+00,8.621130071247415927e+00,7.948847040356556981e+00
-1.292342813235655807e+00,-6.870624307579197065e+00,-5.377363568546218886e+00,8.921297345733929518e+00,7.532722748400595414e+00
-7.309182595412123673e-01,-7.968021207534210504e+00,-5.916192280318847807e+00,9.053924415468875608e+00,7.135187416589078069e+00
-5.014796847967181392e+00,1.307411756219350574e+00,-8.528830017882601311e+00,1.992261766243862420e+00,9.353571218556653299e-01
5.582221391084168927e-01,-7.789922394376072035e+00,-6.038974029698978896e+00,7.021393610612602032e+00,9.490458841097925813e+00
4.806272236285203725e+00,-6.837339532635932748e+00,-4.938308214617537217e+00,-2.203679646909833867e+00,-2.804029997572618615e+00
8.784759996336934051e+00,-3.669104971379824942e+00,-9.250906022690786656e+00,-1.065694670479277484e+01,-5.812243693378403187e+00
-6.068002929050337890e-01,-8.276266532595412784e+00,-4.189717629475925520e+00,7.307735230147902605e+00,7.723329180940446292e+00
4.409674467064644610e+00,3.319933157662215528e+00,-6.885811346946921319e+00,-6.577738074147787550e-02,-2.756438890339620418e+00
-3.410703271405852166e-01,-6.582918817714133120e+00,-4.034662667539171466e+00,8.460728502477294910e+00,8.041944765844968757e+00
-7.033337465835369784e-01,-8.574726560397756714e+00,-5.897169110326195174e+00,8.756922904645094263e+00,8.032219317161743533e+00
6.052625443856141096e+00,-2.646934178687493144e+00,-9.290958477065917265e+00,9.985597659041127727e-01,3.418790807825144995e+00
-6.371542865241753617e+00,2.438473541730542316e+00,-8.268358285715411427e+00,2.527868970504389079e+00,5.727422128889951836e+00
5.677689516040222983e+00,-3.191934243489624734e-03,-1.364527469605234522e+01,-5.951753546534065187e+00,-2.536126405546224039e+00
-6.136934488466389226e+00,2.384783043921633539e+00,-8.194483490852107366e+00,-3.158510454102596565e+00,5.741875400221308823e+00
-5.088612731784712295e+00,5.328471625234272757e+00,-7.939416602227024278e+00,2.876449589532207862e-01,2.785979003534674980e+00
-3.090952887999571796e-01,-7.306583613723326209e+00,-7.071595031416273436e+00,9.202160403484457518e+00,7.817067755034679877e+00
-5.500771258094199645e+00,3.761707515919274769e+00,-5.862517309971982726e+00,1.560843489419058372e+00,3.069131377636984404e+00
1.105842112608265704e-01,-7.273127863200557819e+00,-5.686302287672327260e+00,9.315069680701331123e+00,8.998981410917082258e+00
1.522062796881465552e+01,-1.025996296672774655e+01,-1.244615230540256912e+00,-1.327262519663904783e+01,5.584863777354613923e+00
6.357287782785013164e+00,1.337804262059704108e+01,-3.246464783010974298e+00,-6.026204764522996804e+00,2.761318016164809208e+00
4.261656178723126409e+00,7.812078375034348099e+00,-7.073005926837137025e+00,1.950252184036536107e+00,-6.995969207074329788e+00
4.678465230013995502e+00,4.635547164481232052e+00,-2.359827869926806265e+00,-3.775801555845552215e+00,-2.809716360763022891e+00
3.855252159880666163e+00,-7.547519112082821557e+00,-6.521082393057038296e+00,-2.160099381723444179e+00,-8.561836425507507897e+00
2.284567225657614387e+00,2.017365117488340687e+00,-4.314879210570326862e+00,9.212745820991745660e-01,-4.366103057831587364e-01
1.382227477189338805e+00,5.259991274523741822e+00,-7.891065706219763776e+00,4.725470830378220022e-03,-6.890865599114124329e+00
-7.129012877139730087e+00,2.834437477049021048e+00,-6.555373798294697352e+00,-1.616207551371137141e-01,3.296198739337573791e+00
5.201101048634230395e+00,6.279477470583540999e+00,-9.572910792927345369e+00,-1.983504150229775664e+00,-1.395767003500229642e+00
-9.729094897301361344e-01,-7.549956677631974422e+00,-3.184162004595133766e+00,1.082174675460744950e+01,7.000413780369449057e+00
6.858563435503230998e-01,6.166034589707797053e+00,-6.993626780368413343e+00,-1.039444845906528636e-02,-2.596295237201790229e+00
-6.243809458651865540e+00,2.267439770138789612e+00,-6.133944416758611240e+00,2.998256946894625741e-01,3.778275695121289246e+00
-2.075844985156561684e+00,8.226932907252836102e+00,-5.094173010027990500e+00,-1.291324156780929711e+00,-5.231879745113129587e+00
-7.473598215759534646e+00,4.030804655654662838e+00,-7.648117774964234172e+00,9.661609486356464993e-01,1.515931135307308164e+00
9.203650928969011602e+00,7.199102447118705506e+00,-5.757771628525197194e+00,-2.928392787488256044e+00,1.011247832459178575e+01
6.968855196495233884e+00,1.622197712079317000e+01,-1.090826145988548745e+01,-4.684087386163326983e+00,-4.510322333103724546e+00
-7.823554270099995378e+00,4.968158173625530694e+00,-9.562407761120486072e+00,2.902081171344117472e-02,3.215058144548442520e+00
2.255465989402366755e+00,-9.199347265530793294e+00,-5.998510891655943311e+00,9.530848535409106148e+00,8.361826994605275232e+00
-1.499754371170472833e+00,-9.863186481615795032e+00,-3.657110783617685712e+00,7.001326693396210388e+00,9.605926994212200754e+00
-7.454758464165466059e+00,3.440647293702800091e+00,-7.997690408968839648e+00,-1.627316789646153783e-01,2.940311253805509839e+00
1.247027778127469944e+01,4.054930769292548476e+00,-4.317063357237709731e+00,-1.470003248284150388e+01,8.379034123307064874e+00
6.561103904048069424e+00,2.001686034796067215e+00,-4.840676151829327090e+00,-5.883406440568288431e+00,-6.460551393388598740e+00
-2.086088828248740867e+00,6.953361664605287373e+00,-9.922280305265291034e+00,-1.210084862298448805e+00,-1.116478079581128036e+01
3.880437715505604679e+00,1.071932739645494159e+01,-3.793947844367270505e+00,2.051466390968518017e+00,-9.566959032064360713e+00
-1.137279288508298514e+00,8.779076756175804519e+00,-4.776701817173250930e+00,8.989450128033209531e-01,-5.208546691520069771e+00
1.384272206809833783e+01,-5.735102280564160715e+00,-9.544172358029971548e+00,-1.353975746025933447e+01,3.455636073175522238e+00
-8.140717296766679212e+00,4.210853317235263127e+00,-7.898793600391700309e+00,1.488049408201312485e+00,3.322292988099521782e+00
-8.833309031202196238e+00,2.719632530850581542e+00,-8.052066394316348408e+00,2.490036246726024860e+00,2.428530924555733161e+00
1.553751654603845012e+00,6.207109111538755108e+00,-8.202046301907344628e+00,-6.479323946301465575e+00,-5.224492226692688313e+00
-4.093364182615390590e+00,4.029957726699703535e+00,-6.090904269035542384e+00,1.951019786424527114e+00,4.188491979492744655e+00
-2.793012544829557520e+00,-9.895206120632574098e+00,-1.880269786857821313e+00,-3.253848085720805638e+00,4.460645254384245639e-01
4.848002946608631625e-01,8.302323486758830029e+00,-5.021411816836984343e+00,2.927901987155954178e-01,-1.238237292612806151e+01
-5.657632807592152702e+00,5.046955023649369210e+00,-8.255248814487924136e+00,-3.143591286854164224e+00,4.928209832693615233e+00
-3.227673769143245552e-01,-8.196657895921475756e+00,-4.548202025571591811e+00,7.638523710764703267e+00,8.697392878171040564e+00
-6.018967967013859610e-01,-9.303431008917659284e+00,-6.115844682102627772e+00,9.222272648096639713e+00,8.052977986057440418e+00
8.267024161461314691e+00,-8.914808907386209569e+00,4.178611022734561864e-01,-7.100822423415297457e+00,-8.700899979284473673e+00
-2.165665734602848502e-01,-1.605934759780464738e+00,-3.762887896201160487e+00,-3.178857042515286224e-01,1.632656033164430198e+00
9.617534625731041231e-01,1.103428598927647108e+00,-2.988976565047977374e+00,2.381258565103043345e+00,-5.793431689189387335e+00
-1.331410271826074965e+00,-9.499571511333684271e+00,-4.109413447315940715e+00,8.616539796903737169e+00,7.896595285424306887e+00
-8.729343507435658012e+00,6.548262394087913663e-01,-7.735082045427152941e+00,5.984017861229821156e-01,5.292693963635968224e+00
3.459484987093026653e-01,9.819186339586508439e+00,-5.762865744547402969e+00,3.763720237689987869e+00,-3.604496684097362458e+00
1.008246551697691507e+00,-1.019486725391631055e+01,-5.290416234966743403e+00,9.360160102172846663e+00,9.381046773076448630e+00
1.027639511179628262e-01,-7.434681801732295980e+00,-5.571142434980158598e+00,7.455870702291798935e+00,8.074571717377198254e+00
7.534692906003568780e+00,1.219968633826145243e+01,-6.315161707259576929e+00,3.304132547116289231e+00,5.716921615654478650e+00
-2.292809328318719864e+00,2.934095433991020574e+00,-5.097756353585634059e+00,-9.149500334477195906e+00,-6.794108115364017042e-01
1.125162067476439631e+01,8.332932135052217859e+00,-5.912884507220152130e+00,-5.609213321640217131e+00,4.054761425531141938e+00
-6.432653391524735254e-01,-7.619703943239083621e+00,-6.521656620577462427e+00,6.663106592927517724e+00,8.200265754520343009e+00
3.063989200313776529e+00,9.894946591340769260e+00,-7.379622429546412121e+00,-5.661331954335407923e-02,-8.823335898679403044e+00
-6.690126265679949835e-01,-9.570826472754660585e+00,-5.103593482922805791e+00,8.075217021861005762e+00,7.050136549245033635e+00
1.007438836547129313e+01,-5.987425486051482615e+00,7.795278414280861767e+00,4.852241058500839088e-01,-4.997953158257029571e+00
-7.257214801046576458e-01,-7.391339921729915829e+00,-6.629262886805591393e+00,7.304427983137134817e+00,7.304702758433763599e+00
-2.018198790931666764e-01,2.063794731549579708e+00,3.753093633057328127e+00,-4.099389902931803498e+00,1.868270675395042435e+00
-6.885461236383108918e+00,1.999105636675917674e+00,-6.075557128920291206e+00,2.220029817972705821e+00,4.412265991377351426e+00
8.329386719595303745e+00,2.630993216786452482e+00,-5.892860180403085124e+00,-2.270482701111983470e+00,-1.655294610621723006e+00
-6.278238211008442260e-01,-7.858132477739978583e+00,-6.308007774573488824e+00,8.825904942604047676e+00,7.199260159532972381e+00
-7.677465969767325316e-01,-6.952856374897059766e+00,-6.047834795987663270e+00,7.242829012192282256e+00,7.207123624535685558e+00
2.594657691747848993e+00,7.899660738482584321e+00,-6.785591295860572636e+00,2.612789316074722645e+00,-6.541227934981108660e-02
6.842853539965554788e+00,-2.869286153698422659e-01,-7.217816417013857233e+00,-8.777304741406716460e+00,-4.199941349936944235e+00
1.578388208286849448e+00,6.058758445851951002e+00,-4.808618751891163612e+00,3.851997784842612127e+00,-2.174365616376515487e+00
8.207755518338824885e+00,-4.665913497598272563e+00,-2.460216460307446340e+00,-1.305821715239780723e+01,7.996279384652642541e+00
-8.747680286356381174e+00,2.768742946915364378e+00,-7.035347515069139135e+00,5.595053747610055916e-01,2.590244547124529895e+00
6.447869672534112251e-01,-8.835095737114189163e+00,-3.929167869983435146e+00,7.832370251634590552e+00,6.272588846601841794e+00
-8.073314019845312828e+00,4.021056831256293762e+00,-9.492120506122580181e+00,-6.312688697691587469e-02,4.953021476513782773e+00
4.092797071338522663e+00,8.232693805603194193e+00,-8.181539694159527087e+00,5.767432398045793107e-01,-6.444361472919871936e+00
5.782793899700546802e+00,8.673705122376809129e-01,-9.000693319968000594e+00,2.218286356500170697e+00,-3.063523786419307005e+00
-9.609291595671587416e-01,7.546507677819294102e+00,-1.113243834869480864e+01,3.851232368491858793e+00,-5.528799685569371292e+00
-3.155130454548834007e-01,-7.009924982484818656e+00,-3.971545858432390830e+00,7.003914978860145801e+00,9.128707755912120803e+00
4.686988552927491725e+00,-2.399925411186206503e+00,-2.012075432285142629e+00,-9.034005644731783136e+00,1.208434841850950736e+00
-2.162846917271071590e+00,3.887810383659807023e+00,-6.438107222253734996e+00,6.220784202965360166e+00,-3.248567892164404114e+00
-4.958969067298268030e+00,3.050936651798741295e+00,-7.886045992914365144e+00,-1.031339464077391410e+00,2.499984004049281339e+00
3.028902974946489746e+00,5.482412586074086214e+00,-1.077043932849886687e+01,-2.897268545245621940e+00,-6.186143467680258468e-01
3.732590585586393672e+00,3.468493629242065612e+00,1.139691379344109023e+00,-4.397067637179259414e+00,3.896111266357330294e+00
5.436402002930185162e+00,1.450217823718785937e+01,-4.192020322479468319e+00,-3.503799805444952398e+00,-5.941363222750624118e+00
-2.617412436846624502e-01,-6.770800962714008442e+00,6.955550890009334353e-01,-8.085098589004935832e+00,-2.859277076495344794e+00
5.728985654807754457e+00,3.231182891966423831e+00,-3.661909889821314934e+00,-1.653362910835249222e+00,-8.802306685807078424e+00
-7.105683356399882245e-01,-9.803645101155380459e+00,-5.911666287330959335e+00,8.890114981233633529e+00,9.294300938562225056e+00
5.849097591115515193e+00,2.220918789628803403e+00,-5.462195940306322939e+00,-2.798139750777939305e+00,1.031390199701191968e+01
-5.532678219321500279e+00,3.126741234483505938e+00,-8.558764333387541612e+00,1.089726912411627557e+00,4.174097274242707378e+00
2.515906344974858655e-01,6.576466237058545161e+00,-8.233613857136301561e+00,2.988184327688617747e-01,-7.818224685001554874e+00
-7.743077639144013702e-01,-1.303666298303258309e+00,-4.063657687515834560e+00,-8.299086776835009616e+00,-2.305004379351974997e+00
5.319099133137463298e+00,3.051484942846950599e+00,-2.590707499687282311e+00,-8.906939315043871375e+00,6.637819679807965834e+00
4.419576117680882987e+00,8.127985067714021739e+00,-1.078837820343438736e+01,2.728671882849531549e-03,-7.370357236401277490e+00
8.986463279634682166e+00,-6.709270838218115429e+00,-2.158395844243402806e+00,-4.618885468647551562e+00,2.742830330538399419e+00
-6.544900229971416294e+00,2.398643837995818817e+00,-9.140562699542829961e+00,-4.053759333688012889e-01,5.998380878375341396e+00
5.640308392539825633e+00,4.488920018311159943e-01,-2.039573569577268763e+00,-1.129101790606587485e+01,2.660730405694424316e+00
-2.156208976788704379e-01,-7.510826007583592201e+00,-3.415288795114363118e+00,8.190426989029678140e+00,7.819922069832411005e+00
5.699467848424298211e+00,6.875321461986952265e+00,-1.105238806270996577e+01,-8.700758535417103090e+00,-1.927098556714222255e+00
-3.138765267660295066e+00,-3.105328358158604973e-01,-6.637559907338943077e+00,1.307699289241004870e+00,4.051164640252217453e+00
5.099864005601055794e+00,7.941978630179395537e+00,-5.289155235051974380e+00,-5.834380599341261409e+00,-7.503898310542151506e+00
6.756947913613504220e+00,6.502336639406147256e+00,-4.811476356001495702e+00,-2.770207417547995377e+00,-3.765270875113474247e+00
-6.711595695346657564e+00,2.533121105897464531e+00,-9.782939580303802174e+00,1.149791771915980476e+00,5.241077604033675286e+00
7.618633485423957907e+00,3.776081753979614763e+00,-8.812778330585562259e+00,2.118402205719362108e+00,-2.703833749889807514e+00
-7.688333438184050905e+00,3.897269634690601503e+00,-9.028397568774959581e+00,-4.473981925897818623e-03,5.487812977852524199e+00
7.728245747553287970e+00,9.120687731636198947e+00,2.660517507959934136e-01,-9.616981345888977017e+00,7.219278928555802111e+00
4.612012846113415776e+00,-1.270283279030390844e+00,-1.133439148196792523e+01,-1.483367051235512157e+00,4.985177935824751216e+00
-1.825412378763919818e-01,-7.535859274027491672e+00,-4.053642927534061968e+00,7.910983155615864959e+00,8.347710070833048945e+00
-3.073237085562879889e-02,-9.057401744834669088e+00,-5.098507829180586981e+00,8.143765307934938136e+00,7.547246566082149499e+00
-8.732293579040145914e+00,1.559307109083481580e+00,-8.727947577185386052e+00,1.272483791828940447e+00,4.305547441157067112e+00
-7.812125082921510533e+00,4.263808953159280435e+00,-8.157615450936582135e+00,1.371103380488406298e+00,4.210550778193520749e+00
7.173937203995702561e+00,8.282049319925004482e+00,-6.049139720743008652e-01,3.015240667995568113e+00,-7.093916146778596499e+00
8.882803497049827079e-01,4.695122383595095705e+00,6.455612599816644703e-01,-8.712168804414247347e+00,5.434049031919140127e+00
1.000755092743728270e+01,-3.337138300059072638e+00,3.718158311757672863e+00,-8.696613258812551095e+00,1.382753760148708544e+01
2.562570775066923545e-01,6.135302943426512279e+00,-8.205232959385538649e+00,2.981454540015206156e+00,-5.353347702298471233e+00
-7.287252644315610262e+00,1.706348500344493813e+00,-8.873064824948741602e+00,-9.050348166126792604e-02,4.353394402888321579e+00
-1.460901453532237326e-01,-3.177930711770366123e+00,-1.520287728383611370e+00,1.150789773981103714e+00,1.305012042652182380e+01
4.565418078327814655e+00,8.521288364068025700e+00,-8.727280392451527646e+00,-2.217322727982178776e+00,-7.398395299091252042e+00
-6.154669902592627473e+00,1.002859413891771467e+00,-8.709357373743152664e+00,1.127817571093445270e+00,3.269415069306737198e+00
-5.129735051357038778e+00,2.808809456359767864e+00,-7.394582527400929806e+00,-8.863015719462270514e-01,3.424001343724278446e+00
-5.624133707990067954e+00,2.233823258780340826e+00,-8.985952290920913299e+00,-1.015345811705715251e+00,3.917976038324666010e+00
-7.509822469854305460e+00,4.526473251389117713e+00,-7.877808390369064995e+00,8.064934068399609579e-01,1.824501000511357773e+00
-7.991331767978673284e-01,6.849996876114191835e+00,-1.067646489469123239e+01,-5.147131581187680105e+00,-5.659911572747789776e+00
-6.853263991723085979e+00,2.912671695096137547e+00,-1.047526971840849086e+01,2.098994976774764432e+00,3.531068827346846906e+00
-1.156591718497340437e+00,1.232949693618650366e+00,-3.317479159187863846e+00,-6.439660733538260295e+00,2.233395585890129986e+00
4.140992391428423680e+00,-1.644777838830748795e-01,-8.368156679573448997e+00,-7.940960912131956206e+00,3.551658682253559629e+00
-1.587509227787553989e+00,2.614985061260961974e+00,-8.009778450510173897e+00,-1.168890679338378291e+01,9.032698065927796449e+00
9.827891955945986524e+00,5.993493425615699088e-01,-1.599417324215517189e+00,-3.897175154775641026e+00,4.812599162895208948e+00
-5.870246929719487028e+00,3.107877737194354228e+00,-8.666459989430459032e+00,-1.316341359139266420e-01,3.556485653026803639e+00
-6.189682162108045560e+00,1.013154015666535290e+00,-8.123591670609751958e+00,1.204875405217048723e+00,4.478587721390042908e+00
1.875057591706696947e-01,3.644491591334157121e+00,-8.912308848526491190e+00,1.946681956495138088e+00,2.211904271446609727e-01
-5.989643221432676690e+00,1.239172813877882584e+00,-8.344351410792556933e+00,9.680458609624134070e-01,3.881629557773698114e+00
-1.451020645308585877e+00,9.008817784164341091e+00,-4.642241979516615658e+00,2.387325914510735281e+00,-4.221082210735151108e+00
-7.000434111376027779e+00,1.730552169560668485e+00,-6.160762815912948831e+00,-1.147226781370408233e+00,3.174658832277124976e+00
-5.022613564104783102e-01,-7.775555415850452512e+00,-5.604663978305321592e+00,6.758702879897653837e+00,8.269947262752284090e+00
6.970637970199202726e+00,7.594271552011854887e+00,-2.244380411869096204e+00,-1.275878977014314630e+00,-8.273340710252238495e+00
-1.925385667684701652e+00,-7.239945643299845024e+00,-5.058614113145215363e+00,8.387246174305097668e+00,8.717030585487739458e+00
4.233436148518475051e+00,8.544416206443546713e+00,-8.185439583463352875e+00,2.754508043907949677e+00,-3.668729305374360372e+00
5.945132145717598071e+00,1.041591067391825165e+00,2.193834652506994054e-01,-1.245759456864342596e+01,-6.241754894642783658e-01
-1.131497282462878839e+00,-5.942721379996908304e+00,-4.343045586526961266e+00,7.726335212274399566e+00,7.321846701377839217e+00
7.337321037003001756e-01,1.008122168301669141e+01,-9.963997323195705746e-02,7.521496536823699230e+00,-8.267640963592510772e+00
5.192008249835335931e-01,-7.890544034342743984e+00,-5.160358448885622451e+00,9.189837524244500955e+00,8.559807280251147787e+00
-1.048258009747176978e+00,-7.306594095951724377e+00,-5.600737186771053366e+00,7.724872590447953158e+00,7.365665335200598740e+00
7.514633456421438984e-01,-9.183420813423833096e+00,-6.464572212442680765e+00,9.130263063050886529e+00,1.104046977066015600e+01
8.680156724664986889e-01,-9.003928645354051241e+00,-6.798918132235601597e+00,8.275750664545084234e+00,8.730060281535180877e+00
3.351064590508160190e+00,5.264027101539682896e+00,-7.453621324161874284e+00,2.089726994496647450e+00,-6.651674033101572903e+00
6.924430594571440167e+00,9.039519082620724788e+00,-4.594015404877099584e+00,-3.879809240411070004e+00,-2.332778246456813420e+00
1.807305931938255394e+00,-2.468071252731032783e-01,-5.074210248630402376e+00,1.528738119302275322e-02,4.211326172743183882e-01
1.083148054341506139e+01,-1.350857493138119536e-01,5.443359963802173240e+00,-4.590753274120447536e+00,-6.870147785699606047e+00
1.139392258241994682e+01,-6.558931950475009209e+00,-3.529999458160834713e+00,-1.405609173104464737e+01,-9.132072171530731808e-01
2.887518526914130135e-01,-2.103475187611454356e+00,-7.539914334394811846e+00,-6.203958839246217494e-01,-8.109984679924389539e+00
4.778421307723943467e-01,-7.085899832512203567e+00,-5.109573782171111134e+00,7.543174176385972984e+00,7.836316089024205844e+00
1.249239455508669439e-01,-7.164345777271240223e+00,-6.388784252258302487e+00,9.072519895828605740e+00,6.601698782730886172e+00
-7.302930763257065472e+00,3.883585643766375828e+00,-7.396929842013912904e+00,-8.660927227978962861e-01,5.366692683396232511e+00
2.473049743531770428e+00,5.157608602516905449e+00,-8.285239851128764599e+00,-5.786555802652957325e+00,-2.528603975203155940e+00
3.515394931669904466e+00,8.834627042620365245e+00,-1.867123460314926042e+00,-2.999468827338133359e+00,-4.249972152634333256e+00
-1.433117938652337831e+00,6.232561453528088435e+00,-6.749593987070696244e+00,2.717308917339411600e+00,3.954293003596198730e-02
5.120299463003181728e+00,9.749498491103871345e+00,-2.904792342425968066e+00,5.199364713089967616e+00,-7.070873750561602833e+00
2.461098466763170789e-01,-8.278951253793724874e+00,-4.902549676258591838e+00,6.655139986533323615e+00,7.138067370742422924e+00
5.635463129107554536e+00,-8.150370558444148372e+00,-7.653585072019458480e+00,-2.657752862673621763e+00,-1.094735371837067817e-01
-5.727622234340844498e-01,-8.708062103182742320e+00,-4.305170614793651929e+00,7.115170115396748152e+00,6.869068586403790810e+00
7.361040990780276516e+00,8.950730950186082779e+00,-1.686577654154526984e+00,-9.123332865477159714e+00,-6.275006201282014473e+00
-7.488956666303784537e+00,3.947126893363881894e+00,-7.577344413593754879e+00,1.361022676938221654e+00,5.439671136534219187e+00
1.323077382368823995e+00,-9.140612939825462746e+00,-7.437712951216195023e+00,6.670956433810849795e+00,5.223417516045090636e+00
-6.746318778080354406e+00,3.216676743581917464e+00,-7.518665976754174807e+00,1.069761910898435087e+00,3.486446995054178988e+00
-1.411986906344711690e+00,-6.867262481712113953e+00,-6.677240234782793493e+00,7.314589752576241111e+00,6.752060069534312703e+00
2.547896818698507926e-01,-6.660254616408874284e+00,-4.711936374559936525e+00,8.522638329134382573e+00,7.886001230923278094e+00
5.930292229035452500e+00,-5.667801767892465925e+00,-2.158458527523134052e+00,-9.917915692198448596e+00,6.509990857472692793e-01
-1.529871091988103338e+00,-5.047758117128563482e-01,1.416036919835513608e+00,-2.890146951039618273e-03,-1.022687496498107862e+00
9.492934486076283207e+00,-9.436327323689785995e-01,-6.269335829812831662e+00,-2.209608875693051644e+00,-6.159794138561411891e-01
-5.053669822052369476e+00,1.431389584839749984e+00,-7.161095784358625593e+00,1.605338257333084329e+00,2.528026462106761407e+00
1.539313683704357949e+01,3.246076635808870403e+00,-4.690160346529743229e+00,2.219022000594957689e+00,8.176751422177336082e+00
3.498362478322883717e+00,2.752978404090265396e+00,2.359435558051480086e+00,-4.359320834538159772e+00,3.228244777230645290e+00
-8.120782952458140969e+00,2.899856692026296923e+00,-6.924538469037759825e+00,-2.334830888853766107e-01,2.935223422646302094e+00
1.166707923230328792e+00,-8.245061779199513552e+00,-5.410011245634911425e+00,7.670353829794100520e+00,8.272854289303056774e+00
-3.619144167011190127e-02,-6.932758435383122197e+00,-5.014172470845802643e+00,7.335388326462071618e+00,9.062726997425198050e+00
1.070270918567545593e+01,1.394481615872869673e+00,-1.081703377641448682e+01,-2.632540116096221627e+00,1.984725182102938135e+00
-6.048591054055163063e+00,3.093565436961472237e+00,-1.014136745068481460e+01,-7.733041148851109714e-01,7.493800835120207893e-01
-4.899867248394365604e-02,-7.164510912297259893e+00,-7.204440769567478142e+00,7.379871562019804543e+00,7.047327723136476152e+00
9.803130786522289419e-01,-8.735997774310465758e+00,-7.004859311443807357e+00,8.387373029978473227e+00,6.726134294776036526e+00
-1.358675009777208675e+00,6.979492577737867798e+00,-5.077040397662681670e+00,-3.663241189678776877e+00,1.619182202392459580e+00
-8.083009617152541182e-01,4.740939188930143544e+00,-9.468113635381943283e+00,-9.720973299278384161e+00,-1.730743588288207846e+00
-1.751615960818947215e+00,-3.516360392102461319e+00,-3.415898079059293213e+00,-3.982795723622112760e+00,2.987143585031371451e+00
-6.934406413439466732e+00,1.653919125994941508e+00,-6.041711097995108304e+00,1.798789332908061089e+00,2.974271551021895554e+00
-4.014461038018941053e-01,-9.876531802186892861e+00,-4.948800732788010137e+00,9.062193353169019971e+00,8.739888476842070375e+00
-1.469882230359409458e-01,-9.110639099369713279e+00,-5.440081691361966065e+00,7.449882835112980217e+00,9.509951108932153119e+00
3.366774282094410431e+00,2.556660728797230941e+00,3.571275651654811867e+00,-4.533954606723414216e+00,7.309720951017157020e+00
-7.757521817441533685e+00,3.541420902263918258e+00,-6.184706688632554794e+00,-6.227985780478234590e-02,5.471318355122896548e+00
4.429693327013438653e-01,-7.462557126794989948e+00,-5.790472548003766207e+00,9.212936619104945990e+00,6.269567723777059953e+00
-5.410733153384488237e-01,-7.593885895228322802e+00,-3.923271396673535527e+00,8.156057472889640891e+00,8.749024573460960852e+00
2.496193979137915964e+00,-3.077041160147785614e+00,-1.849154131326407935e+00,5.495531518359538126e+00,7.548883746757907964e+00
-4.775770654838409790e+00,8.968613316692399806e-01,-7.254700600805199073e+00,-3.524771851064780748e+00,-6.834715040342981496e+00
1.225627959587468041e+01,-2.374216938279159805e+00,-2.022147441529393852e+00,-7.560758382537311917e+00,-8.185554699425784619e+00
6.277175636678165027e-01,-7.032310414425164247e+00,-5.811173056931647984e+00,7.111930432027042670e+00,7.796415494529054691e+00
-3.820125078520097972e-01,2.774203632213422477e+00,-9.048967995280564836e+00,2.353533024721702116e+00,-9.876687552852688512e+00
1.080705297419931554e+01,9.378461591070070824e+00,2.096757319017062748e+00,2.401591178430746432e-01,-4.459879518865363934e+00
6.765631426306149443e+00,8.321915043507905452e+00,-7.457247086105514455e+00,-1.292369816856024034e+00,-4.375769007508303332e+00
-4.934049608317257474e-01,-6.253123339369231815e+00,-4.512379458731243353e+00,9.578120707435758163e+00,7.860672610660180304e+00
-3.368999274518258980e-01,-8.067776782369415756e+00,-6.290976537070370078e+00,7.395489783789432003e+00,9.264863644228960027e+00
-1.220878801417920184e-01,-8.108680476669551496e+00,-4.137575125902307249e+00,8.465452862910614940e+00,6.878521881990065978e+00
-7.656705222236516839e+00,3.064938386986944874e+00,-6.768393348522654840e+00,2.613526511300470201e+00,4.730621055519279139e+00
-1.948063084191928640e+00,-7.171538659916549818e+00,-4.721749844449155020e+00,9.226835301512565479e+00,7.525140146914057304e+00
8.179476301870828081e+00,-4.482050290476023768e+00,3.192928963550846433e+00,4.693882045706407879e-01,-2.485691889323221826e+00
2.052434660273542821e+00,-9.015492714188415135e+00,-4.635375204421172235e+00,-4.685917540329306519e+00,-6.452997536731875705e+00
4.302379904264391541e+00,-3.353214009370235615e+00,-3.977818034632318867e+00,-1.069287392580581475e+00,7.265859786236898543e+00
-9.573857435195214372e-01,-9.879645532157756094e+00,-5.994720932026752713e+00,9.487402416516086845e+00,8.008036782200267822e+00
3.845698504336437562e+00,-5.641208004970819090e+00,4.542015320103853782e+00,-1.047406534944759571e+01,-3.078436279296114186e+00
-6.193887472806063776e+00,4.094542672717909504e+00,-9.050784125031066552e+00,3.351049750555533890e+00,3.608060207427379762e+00
-8.996508611339152139e+00,2.540594922134045142e+00,-8.726151172129076983e+00,2.020126715884652258e-01,3.980120396994180521e+00
-6.331537415846368866e+00,1.836008013912301173e+00,-8.512146328868066547e+00,1.765094610782529605e+00,4.638139118104080083e+00
1.175197885835900902e+00,-8.109365797436385748e+00,-6.206477044096708973e+00,8.171010660375849000e+00,6.469432612806210514e+00
1.138504258132504887e+00,-7.873260836306271493e+00,-5.089538831709839783e+00,7.242921632468171111e+00,7.917435902281115823e+00
3.673652265604725464e+00,-2.121765615615529121e+00,-4.960790333078668013e+00,-6.201286051034435864e+00,-1.012806094677802449e+01
9.122273347291077528e+00,-8.881789888814894951e+00,-1.591732239169201035e+00,-1.737390861673629416e+01,-7.049937751632240346e-01
9.266802777527951562e+00,1.441850957545517398e-01,-1.368567106937341515e+00,2.664311205855682374e+00,5.849737924875527462e+00
-3.699181914738385757e+00,-4.577725347512797249e+00,-5.095966562062171690e+00,-1.114807583709468375e+01,4.405288701617008584e+00
2.848980040409404335e+00,1.238214075603699982e+01,-7.976997953082756609e+00,-1.929582862386568953e+00,-5.959315961505703640e+00
1.203901957205352868e+00,-3.020942660548902037e+00,-5.703450579700635181e+00,-6.021826217339246057e+00,4.342192881141282434e-02
1.023650577293568897e+00,-8.826153704142111422e+00,-4.864038473044905331e+00,7.927704482779584616e+00,7.251768081674725863e+00
-1.333621839074282889e+00,-1.352874826116309048e+00,-1.153575257040703184e+00,-4.134600262731367160e+00,5.223475880807843197e+00
8.578477391437047128e-01,-8.300218971678294366e+00,-5.381198657807932051e+00,7.143668122716895219e+00,7.107961997548102318e+00
-7.791947272318460627e+00,2.635876883053866138e+00,-7.353284862053502735e+00,-1.181367606745074683e+00,3.402594713450480590e+00
6.283188462474739389e+00,7.797109038004858661e+00,-6.747489870797499734e+00,-1.270903487737022886e+00,-4.909327174694617213e+00
-8.328198868803829313e+00,3.725573014290672447e+00,-8.744212632825577813e+00,-2.961173140728231568e-01,2.656890503505324741e+00
-1.449656699943648874e+00,8.328149010270454511e+00,-1.212339827091937039e+01,-2.975789725236702932e+00,-7.785386265775491310e+00
-7.015301615053319395e+00,1.614389996964837648e+00,-8.544257683524241642e+00,-3.913552624443986661e-01,4.889741373177266759e+00
-6.766470551715933368e+00,2.713015328321309205e+00,-3.602295956287864698e+00,7.763456218937306863e-01,5.906616015871388292e+00
-7.133883460519862219e+00,2.027512288609671476e+00,-8.523963824615378826e+00,-5.724442071500531748e-01,2.042674319050616472e+00
5.418407549250753519e+00,-2.000554040551766999e+00,3.114533897420521669e-01,-5.936530974902304081e+00,-8.683109866326425674e+00
-3.810107388140320239e+00,6.105005885700334645e+00,-6.052663524334106704e+00,9.599667032178154091e-01,-3.375131760839254369e+00
-1.762194693410407353e+00,-6.702236346737997508e+00,-7.533995446232794713e+00,6.739326281825752218e+00,7.249738628477309099e+00
-9.910882347198185727e+00,2.888862370017322156e+00,-9.612516827187814528e+00,1.005152582171872533e+00,9.741739432898355311e-01
8.714444785600196752e+00,-4.923855168789174286e+00,7.636890175038018924e+00,-1.094551962656407085e-01,-8.111106570951072570e+00
8.532927687255078553e-01,-9.383422992281538200e+00,-5.981341176702207107e+00,8.206257516566740406e+00,8.509509422220247643e+00
1.920825689751624932e+00,5.192356265250517744e+00,-8.946786224080270244e+00,4.237351725445586581e+00,-5.208449737390068890e+00
5.462360042801712723e+00,8.452093393108212283e+00,-9.350591835243031724e+00,9.962810138495608037e-01,-5.356940915193740160e+00
