,order_id,shop_guid,app_source,order_time,distance_km,prep_time_sec,traffic_sec,rain_flag,queue_size,prep_ahead_sec,eta_actual_min
440,ORD10440,SHOP_A,ShopeeFood,2025-04-27 10:00:00,2.05,1059,1110,0,0,0,41.1
962,ORD10962,SHOP_A,ShopeeFood,2025-04-27 10:01:00,7.57,851,209,0,1,1059,35.6
991,ORD10991,SHOP_A,ShopeeFood,2025-04-27 10:01:00,1.16,862,1726,0,2,1910,74.0
109,ORD10109,SHOP_A,LINE_MAN,2025-04-27 10:02:00,2.88,572,883,1,3,2772,66.2
907,ORD10907,SHOP_A,GrabFood,2025-04-27 10:02:00,7.13,1176,346,0,4,3344,79.3
582,ORD10582,SHOP_A,Robinhood,2025-04-27 10:03:00,6.13,400,951,0,5,4520,104.3
712,ORD10712,SHOP_A,ShopeeFood,2025-04-27 10:03:00,7.24,1114,1010,0,6,4920,117.3
738,ORD10738,SHOP_A,Robinhood,2025-04-27 10:03:00,4.47,260,1284,0,7,6034,126.1
806,ORD10806,SHOP_A,GrabFood,2025-04-27 10:03:00,5.44,1109,828,1,8,6294,128.7
935,ORD10935,SHOP_A,GrabFood,2025-04-27 10:06:00,5.62,701,536,0,9,7403,147.2
460,ORD10460,SHOP_A,Robinhood,2025-04-27 10:07:00,4.69,1105,1761,0,10,8104,185.2
95,ORD10095,SHOP_A,ShopeeFood,2025-04-27 10:08:00,3.17,774,587,0,11,9209,177.9
635,ORD10635,SHOP_A,Robinhood,2025-04-27 10:08:00,0.6,490,710,0,12,9983,187.7
831,ORD10831,SHOP_A,LINE_MAN,2025-04-27 10:09:00,5.15,846,677,1,13,10473,204.8
258,ORD10258,SHOP_A,LINE_MAN,2025-04-27 10:10:00,1.67,1198,659,0,14,11319,217.0
503,ORD10503,SHOP_A,GrabFood,2025-04-27 10:13:00,3.85,1156,1186,0,15,12517,248.4
9,ORD10009,SHOP_A,ShopeeFood,2025-04-27 10:14:00,7.86,866,1439,0,16,13673,266.8
312,ORD10312,SHOP_A,ShopeeFood,2025-04-27 10:15:00,3.92,654,332,1,17,14539,263.5
702,ORD10702,SHOP_A,ShopeeFood,2025-04-27 10:17:00,0.84,382,494,0,18,15193,269.0
720,ORD10720,SHOP_A,Robinhood,2025-04-27 10:17:00,6.38,1100,533,0,19,15575,288.3
905,ORD10905,SHOP_A,LINE_MAN,2025-04-27 10:18:00,5.33,917,834,0,20,16675,302.4
975,ORD10975,SHOP_A,Robinhood,2025-04-27 10:18:00,4.95,974,1664,0,21,17592,337.1
219,ORD10219,SHOP_A,GrabFood,2025-04-27 10:21:00,3.66,1025,950,1,22,18566,339.0
292,ORD10292,SHOP_A,GrabFood,2025-04-27 10:21:00,4.84,917,1647,0,23,19591,371.7
630,ORD10630,SHOP_A,Robinhood,2025-04-27 10:22:00,4.46,852,1016,0,24,20508,368.4
960,ORD10960,SHOP_A,Robinhood,2025-04-27 10:22:00,4.01,418,1023,0,25,21360,376.0
371,ORD10371,SHOP_A,GrabFood,2025-04-27 10:24:00,4.9,710,875,0,26,21778,388.3
567,ORD10567,SHOP_A,ShopeeFood,2025-04-27 10:25:00,4.95,949,1105,0,27,22488,408.3
117,ORD10117,SHOP_A,Robinhood,2025-04-27 10:26:00,2.7,396,1641,0,28,23437,425.6
419,ORD10419,SHOP_A,ShopeeFood,2025-04-27 10:27:00,3.52,586,875,0,29,23833,421.8
196,ORD10196,SHOP_A,GrabFood,2025-04-27 10:29:00,6.25,818,803,1,30,24419,437.7
560,ORD10560,SHOP_A,LINE_MAN,2025-04-27 10:29:00,4.91,1079,1692,0,31,25237,467.7
213,ORD10213,SHOP_A,Robinhood,2025-04-27 10:30:00,7.9,436,1690,0,32,26316,472.5
623,ORD10623,SHOP_A,GrabFood,2025-04-27 10:30:00,6.27,802,1485,1,33,26752,483.8
584,ORD10584,SHOP_A,LINE_MAN,2025-04-27 10:32:00,1.48,910,790,0,34,27554,487.1
361,ORD10361,SHOP_A,ShopeeFood,2025-04-27 10:34:00,2.67,490,197,0,35,28464,492.3
780,ORD10780,SHOP_A,GrabFood,2025-04-27 10:34:00,1.53,1038,1328,0,36,28954,522.6
366,ORD10366,SHOP_A,ShopeeFood,2025-04-27 10:36:00,4.74,805,563,0,37,29992,519.6
790,ORD10790,SHOP_A,LINE_MAN,2025-04-27 10:36:00,7.93,734,1771,1,38,30797,558.2
924,ORD10924,SHOP_A,Robinhood,2025-04-27 10:36:00,2.61,1182,651,1,39,31531,553.9
416,ORD10416,SHOP_A,LINE_MAN,2025-04-27 10:38:00,7.23,1128,1639,0,40,32713,594.7
811,ORD10811,SHOP_A,GrabFood,2025-04-27 10:38:00,5.33,529,1425,0,41,33841,591.4
574,ORD10574,SHOP_A,LINE_MAN,2025-04-27 10:40:00,5.5,965,193,0,42,34370,593.4
437,ORD10437,SHOP_A,LINE_MAN,2025-04-27 10:41:00,3.01,451,1334,1,43,35335,625.7
763,ORD10763,SHOP_A,GrabFood,2025-04-27 10:42:00,6.2,987,1005,0,44,35786,629.0
359,ORD10359,SHOP_A,GrabFood,2025-04-27 10:45:00,5.22,1009,1402,0,45,36773,655.5
933,ORD10933,SHOP_A,ShopeeFood,2025-04-27 10:45:00,4.0,937,737,0,46,37782,656.3
407,ORD10407,SHOP_A,LINE_MAN,2025-04-27 10:49:00,5.45,432,216,1,47,38719,657.1
932,ORD10932,SHOP_A,LINE_MAN,2025-04-27 10:49:00,6.07,1054,1770,0,48,39151,703.3
767,ORD10767,SHOP_A,ShopeeFood,2025-04-27 10:51:00,3.42,378,1594,0,49,40205,701.4
931,ORD10931,SHOP_A,GrabFood,2025-04-27 10:51:00,2.55,786,905,0,50,40583,707.9
941,ORD10941,SHOP_A,LINE_MAN,2025-04-27 10:53:00,3.84,866,1144,0,51,41369,719.1
950,ORD10950,SHOP_A,LINE_MAN,2025-04-27 10:53:00,2.25,1121,294,0,52,42235,722.6
590,ORD10590,SHOP_A,ShopeeFood,2025-04-27 10:54:00,2.61,501,1097,0,53,43356,751.7
155,ORD10155,SHOP_A,LINE_MAN,2025-04-27 10:58:00,6.22,785,565,1,54,43857,756.6
669,ORD10669,SHOP_A,LINE_MAN,2025-04-27 10:58:00,1.89,686,1349,1,55,44642,777.9
899,ORD10899,SHOP_A,ShopeeFood,2025-04-27 10:58:00,2.67,941,1200,0,56,45328,793.1
232,ORD10232,SHOP_A,GrabFood,2025-04-27 10:59:00,6.81,361,706,0,57,46269,792.7
897,ORD10897,SHOP_A,GrabFood,2025-04-27 10:59:00,2.34,1143,613,0,58,46630,811.9
26,ORD10026,SHOP_A,GrabFood,2025-04-27 11:00:00,4.16,275,259,1,59,47773,804.6
90,ORD10090,SHOP_A,LINE_MAN,2025-04-27 11:00:00,3.8,893,1116,0,60,48048,833.7
116,ORD10116,SHOP_A,GrabFood,2025-04-27 11:00:00,7.96,1174,1096,1,61,48941,856.1
451,ORD10451,SHOP_A,LINE_MAN,2025-04-27 11:01:00,4.89,946,1592,0,62,50115,878.4
464,ORD10464,SHOP_A,ShopeeFood,2025-04-27 11:01:00,3.3,378,1232,1,63,51061,881.0
637,ORD10637,SHOP_A,Robinhood,2025-04-27 11:01:00,5.64,281,1719,1,64,51439,888.0
450,ORD10450,SHOP_A,Robinhood,2025-04-27 11:02:00,4.01,979,180,0,65,51720,884.4
546,ORD10546,SHOP_A,LINE_MAN,2025-04-27 11:02:00,0.91,274,783,0,66,52699,896.3
890,ORD10890,SHOP_A,Robinhood,2025-04-27 11:03:00,3.8,915,755,0,67,52973,912.6
263,ORD10263,SHOP_A,ShopeeFood,2025-04-27 11:04:00,4.89,309,889,1,68,53888,918.0
581,ORD10581,SHOP_A,LINE_MAN,2025-04-27 11:04:00,6.33,426,1734,1,69,54197,940.5
845,ORD10845,SHOP_A,ShopeeFood,2025-04-27 11:04:00,6.61,384,644,0,70,54623,927.3
275,ORD10275,SHOP_A,ShopeeFood,2025-04-27 11:07:00,5.55,549,961,0,71,55007,946.4
653,ORD10653,SHOP_A,LINE_MAN,2025-04-27 11:07:00,2.64,878,1750,0,72,55556,961.9
944,ORD10944,SHOP_A,ShopeeFood,2025-04-27 11:07:00,5.52,533,1457,0,73,56434,975.1
963,ORD10963,SHOP_A,LINE_MAN,2025-04-27 11:08:00,0.53,747,436,1,74,56967,971.5
59,ORD10059,SHOP_A,LINE_MAN,2025-04-27 11:09:00,1.46,778,1043,0,75,57714,995.8
971,ORD10971,SHOP_A,Robinhood,2025-04-27 11:09:00,5.67,307,1613,0,76,58492,1007.7
982,ORD10982,SHOP_A,ShopeeFood,2025-04-27 11:09:00,2.79,881,1080,1,77,58799,1012.6
526,ORD10526,SHOP_A,LINE_MAN,2025-04-27 11:12:00,6.35,1131,1652,0,78,59680,1044.6
634,ORD10634,SHOP_A,LINE_MAN,2025-04-27 11:12:00,2.78,842,677,0,79,60811,1036.8
721,ORD10721,SHOP_A,Robinhood,2025-04-27 11:12:00,1.6,1099,1580,0,80,61653,1068.0
69,ORD10069,SHOP_A,Robinhood,2025-04-27 11:13:00,6.66,890,668,0,81,62752,1073.9
251,ORD10251,SHOP_A,GrabFood,2025-04-27 11:15:00,2.39,285,1200,0,82,63642,1083.9
833,ORD10833,SHOP_A,GrabFood,2025-04-27 11:15:00,4.03,846,896,1,83,63927,1097.1
150,ORD10150,SHOP_A,LINE_MAN,2025-04-27 11:16:00,2.31,671,1440,0,84,64773,1118.5
192,ORD10192,SHOP_A,GrabFood,2025-04-27 11:17:00,5.63,811,996,0,85,65444,1122.7
656,ORD10656,SHOP_A,ShopeeFood,2025-04-27 11:17:00,1.77,739,627,1,86,66255,1126.1
802,ORD10802,SHOP_A,Robinhood,2025-04-27 11:18:00,0.85,301,271,0,87,66994,1127.0
928,ORD10928,SHOP_A,LINE_MAN,2025-04-27 11:18:00,3.77,1043,1020,0,88,67295,1150.2
580,ORD10580,SHOP_A,ShopeeFood,2025-04-27 11:19:00,6.99,1151,339,1,89,68338,1163.1
130,ORD10130,SHOP_A,GrabFood,2025-04-27 11:20:00,3.88,249,1234,1,90,69489,1182.7
525,ORD10525,SHOP_A,ShopeeFood,2025-04-27 11:23:00,6.25,1082,1633,0,91,69738,1207.1
74,ORD10074,SHOP_A,Robinhood,2025-04-27 11:24:00,1.76,473,1329,1,92,70820,1211.3
87,ORD10087,SHOP_A,GrabFood,2025-04-27 11:24:00,3.54,308,430,0,93,71293,1204.0
138,ORD10138,SHOP_A,ShopeeFood,2025-04-27 11:24:00,3.93,436,1400,0,94,71601,1222.7
303,ORD10303,SHOP_A,GrabFood,2025-04-27 11:24:00,2.4,792,699,0,95,72037,1226.2
840,ORD10840,SHOP_A,ShopeeFood,2025-04-27 11:26:00,5.91,430,504,1,96,72829,1226.2
269,ORD10269,SHOP_A,Robinhood,2025-04-27 11:27:00,3.15,560,1700,1,97,73259,1261.7
287,ORD10287,SHOP_A,LINE_MAN,2025-04-27 11:27:00,7.29,873,531,1,98,73819,1258.8
711,ORD10711,SHOP_A,LINE_MAN,2025-04-27 11:28:00,6.03,707,1586,0,99,74692,1277.4
882,ORD10882,SHOP_A,ShopeeFood,2025-04-27 11:28:00,6.43,472,271,0,100,75399,1267.0
624,ORD10624,SHOP_A,GrabFood,2025-04-27 11:29:00,6.06,1184,1558,1,101,75871,1309.4
66,ORD10066,SHOP_A,GrabFood,2025-04-27 11:31:00,5.33,667,712,1,102,77055,1311.9
633,ORD10633,SHOP_A,Robinhood,2025-04-27 11:33:00,3.16,644,1782,0,103,77722,1340.4
283,ORD10283,SHOP_A,LINE_MAN,2025-04-27 11:37:00,3.78,1145,560,0,104,78366,1334.2
309,ORD10309,SHOP_A,GrabFood,2025-04-27 11:40:00,6.18,1012,1255,1,105,79511,1370.0
540,ORD10540,SHOP_A,ShopeeFood,2025-04-27 11:43:00,2.12,712,1469,0,106,80523,1378.1
201,ORD10201,SHOP_A,GrabFood,2025-04-27 11:45:00,7.62,578,1465,1,107,81235,1386.4
743,ORD10743,SHOP_A,GrabFood,2025-04-27 11:45:00,5.29,952,1527,0,108,81813,1407.1
200,ORD10200,SHOP_A,ShopeeFood,2025-04-27 11:47:00,6.5,844,712,0,109,82765,1401.9
607,ORD10607,SHOP_A,GrabFood,2025-04-27 11:47:00,3.1,459,991,0,110,83609,1418.3
746,ORD10746,SHOP_A,GrabFood,2025-04-27 11:47:00,7.28,1074,1006,0,111,84068,1437.9
957,ORD10957,SHOP_A,GrabFood,2025-04-27 11:48:00,2.72,511,1338,0,112,85142,1451.4
21,ORD10021,SHOP_A,ShopeeFood,2025-04-27 11:52:00,6.14,799,1007,0,113,85653,1455.4
505,ORD10505,SHOP_A,GrabFood,2025-04-27 11:52:00,2.81,1019,942,0,114,86452,1470.6
555,ORD10555,SHOP_A,ShopeeFood,2025-04-27 11:52:00,6.45,329,958,0,115,87471,1478.4
620,ORD10620,SHOP_A,Robinhood,2025-04-27 11:52:00,5.36,1046,386,0,116,87800,1489.2
308,ORD10308,SHOP_A,Robinhood,2025-04-27 11:53:00,6.76,475,577,0,117,88846,1494.5
875,ORD10875,SHOP_A,LINE_MAN,2025-04-27 11:53:00,6.13,245,1797,1,118,89321,1516.5
83,ORD10083,SHOP_A,ShopeeFood,2025-04-27 11:55:00,2.62,1000,277,0,119,89566,1514.0
105,ORD10105,SHOP_A,LINE_MAN,2025-04-27 11:55:00,2.48,465,781,0,120,90566,1529.2
5,ORD10005,SHOP_A,Robinhood,2025-04-27 11:56:00,2.92,671,379,0,121,91031,1536.3
959,ORD10959,SHOP_A,ShopeeFood,2025-04-27 11:57:00,4.14,256,856,1,122,91702,1547.5
454,ORD10454,SHOP_A,ShopeeFood,2025-04-27 12:00:00,2.36,1158,1203,0,123,91958,1568.1
879,ORD10879,SHOP_A,LINE_MAN,2025-04-27 12:01:00,1.63,450,1366,0,124,93116,1582.1
54,ORD10054,SHOP_A,GrabFood,2025-04-27 12:02:00,0.88,729,299,0,125,93566,1585.5
998,ORD10998,SHOP_A,GrabFood,2025-04-27 12:02:00,0.71,427,464,0,126,94295,1585.4
327,ORD10327,SHOP_A,LINE_MAN,2025-04-27 12:03:00,2.94,982,459,1,127,94722,1607.1
803,ORD10803,SHOP_A,LINE_MAN,2025-04-27 12:03:00,3.6,660,1434,0,128,95704,1627.8
52,ORD10052,SHOP_A,ShopeeFood,2025-04-27 12:04:00,0.68,1026,1654,0,129,96364,1653.5
961,ORD10961,SHOP_A,GrabFood,2025-04-27 12:04:00,1.32,870,324,1,130,97390,1645.0
476,ORD10476,SHOP_A,Robinhood,2025-04-27 12:07:00,5.04,310,949,0,131,98260,1657.6
778,ORD10778,SHOP_A,Robinhood,2025-04-27 12:07:00,4.61,644,1389,0,132,98570,1675.1
65,ORD10065,SHOP_A,ShopeeFood,2025-04-27 12:08:00,2.86,442,1087,0,133,99214,1681.2
601,ORD10601,SHOP_A,ShopeeFood,2025-04-27 12:09:00,5.17,970,525,0,134,99656,1689.3
761,ORD10761,SHOP_A,LINE_MAN,2025-04-27 12:10:00,0.91,482,847,1,135,100626,1701.7
612,ORD10612,SHOP_A,LINE_MAN,2025-04-27 12:11:00,6.76,697,1304,0,136,101108,1722.4
740,ORD10740,SHOP_A,Robinhood,2025-04-27 12:12:00,6.94,1104,1096,0,137,101805,1732.4
143,ORD10143,SHOP_A,LINE_MAN,2025-04-27 12:13:00,3.89,967,288,0,138,102909,1735.5
215,ORD10215,SHOP_A,LINE_MAN,2025-04-27 12:13:00,5.14,504,917,0,139,103876,1749.1
376,ORD10376,SHOP_A,Robinhood,2025-04-27 12:13:00,2.07,783,861,0,140,104380,1768.0
432,ORD10432,SHOP_A,LINE_MAN,2025-04-27 12:14:00,3.35,1188,1470,1,141,105163,1798.2
645,ORD10645,SHOP_A,GrabFood,2025-04-27 12:16:00,5.13,622,1511,0,142,106351,1809.9
497,ORD10497,SHOP_A,ShopeeFood,2025-04-27 12:17:00,6.33,777,322,1,143,106973,1796.6
96,ORD10096,SHOP_A,ShopeeFood,2025-04-27 12:20:00,7.05,384,1767,0,144,107750,1831.8
112,ORD10112,SHOP_A,GrabFood,2025-04-27 12:20:00,7.97,361,1160,0,145,108134,1827.8
615,ORD10615,SHOP_A,ShopeeFood,2025-04-27 12:22:00,0.63,391,1771,0,146,108495,1844.5
920,ORD10920,SHOP_A,ShopeeFood,2025-04-27 12:22:00,1.36,742,254,0,147,108886,1828.4
414,ORD10414,SHOP_A,LINE_MAN,2025-04-27 12:23:00,4.8,1054,533,0,148,109628,1853.1
990,ORD10990,SHOP_A,ShopeeFood,2025-04-27 12:24:00,0.91,1118,946,1,149,110682,1875.8
940,ORD10940,SHOP_A,LINE_MAN,2025-04-27 12:25:00,7.99,572,1251,0,150,111800,1898.3
396,ORD10396,SHOP_A,GrabFood,2025-04-27 12:26:00,4.11,1114,1581,0,151,112372,1915.2
536,ORD10536,SHOP_A,LINE_MAN,2025-04-27 12:26:00,2.79,519,1692,0,152,113486,1931.5
535,ORD10535,SHOP_A,LINE_MAN,2025-04-27 12:27:00,4.75,890,813,0,153,114005,1924.9
233,ORD10233,SHOP_A,LINE_MAN,2025-04-27 12:28:00,6.15,458,1545,0,154,114895,1951.0
815,ORD10815,SHOP_A,Robinhood,2025-04-27 12:28:00,1.12,878,1267,0,155,115353,1955.8
994,ORD10994,SHOP_A,Robinhood,2025-04-27 12:28:00,4.57,1041,1377,0,156,116231,1976.8
43,ORD10043,SHOP_A,ShopeeFood,2025-04-27 12:29:00,6.44,980,599,0,157,117272,1984.3
336,ORD10336,SHOP_A,LINE_MAN,2025-04-27 12:29:00,1.07,576,1103,0,158,118252,2001.5
343,ORD10343,SHOP_A,ShopeeFood,2025-04-27 12:29:00,7.41,786,599,0,159,118828,2003.2
364,ORD10364,SHOP_A,Robinhood,2025-04-27 12:29:00,4.71,1058,1018,0,160,119614,2031.6
254,ORD10254,SHOP_A,Robinhood,2025-04-27 12:30:00,0.54,933,1710,0,161,120672,2059.6
22,ORD10022,SHOP_A,LINE_MAN,2025-04-27 12:31:00,4.85,696,318,0,162,121605,2047.3
299,ORD10299,SHOP_A,ShopeeFood,2025-04-27 12:31:00,6.38,337,805,0,163,122301,2063.1
668,ORD10668,SHOP_A,GrabFood,2025-04-27 12:32:00,7.15,871,1204,0,164,122638,2080.0
769,ORD10769,SHOP_A,ShopeeFood,2025-04-27 12:32:00,6.4,397,1568,0,165,123509,2090.9
8,ORD10008,SHOP_A,Robinhood,2025-04-27 12:33:00,7.16,481,1661,0,166,123906,2098.0
307,ORD10307,SHOP_A,ShopeeFood,2025-04-27 12:33:00,7.88,686,1616,0,167,124387,2114.4
4,ORD10004,SHOP_A,ShopeeFood,2025-04-27 12:34:00,3.73,329,697,1,168,125073,2102.2
748,ORD10748,SHOP_A,ShopeeFood,2025-04-27 12:34:00,6.82,380,1233,0,169,125402,2118.3
126,ORD10126,SHOP_A,Robinhood,2025-04-27 12:35:00,3.08,581,1785,0,170,125782,2136.1
809,ORD10809,SHOP_A,LINE_MAN,2025-04-27 12:35:00,4.53,244,1796,0,171,126363,2138.3
889,ORD10889,SHOP_A,ShopeeFood,2025-04-27 12:35:00,1.28,934,1045,1,172,126607,2150.7
692,ORD10692,SHOP_A,GrabFood,2025-04-27 12:38:00,7.92,766,1368,1,173,127541,2165.1
373,ORD10373,SHOP_A,LINE_MAN,2025-04-27 12:39:00,5.97,1088,1798,1,174,128307,2187.1
913,ORD10913,SHOP_A,ShopeeFood,2025-04-27 12:39:00,3.91,1112,1614,1,175,129395,2206.7
11,ORD10011,SHOP_A,ShopeeFood,2025-04-27 12:41:00,2.13,458,924,0,176,130507,2193.6
252,ORD10252,SHOP_A,Robinhood,2025-04-27 12:41:00,5.13,537,1410,0,177,130965,2218.4
369,ORD10369,SHOP_A,ShopeeFood,2025-04-27 12:43:00,6.84,831,1143,1,178,131502,2226.4
598,ORD10598,SHOP_A,GrabFood,2025-04-27 12:43:00,7.86,1103,1612,0,179,132333,2256.1
816,ORD10816,SHOP_A,GrabFood,2025-04-27 12:45:00,1.29,266,1376,1,180,133436,2247.1
217,ORD10217,SHOP_A,Robinhood,2025-04-27 12:46:00,2.4,908,1455,0,181,133702,2269.9
844,ORD10844,SHOP_A,Robinhood,2025-04-27 12:46:00,5.0,1157,1391,0,182,134610,2284.5
224,ORD10224,SHOP_A,ShopeeFood,2025-04-27 12:48:00,5.76,1052,1498,0,183,135767,2303.3
573,ORD10573,SHOP_A,LINE_MAN,2025-04-27 12:48:00,1.85,948,602,0,184,136819,2309.0
260,ORD10260,SHOP_A,GrabFood,2025-04-27 12:50:00,4.46,292,1766,0,185,137767,2329.6
429,ORD10429,SHOP_A,Robinhood,2025-04-27 12:51:00,4.74,474,1466,0,186,138059,2334.4
493,ORD10493,SHOP_A,GrabFood,2025-04-27 12:52:00,4.36,861,582,0,187,138533,2332.4
34,ORD10034,SHOP_A,LINE_MAN,2025-04-27 12:53:00,1.2,845,1013,0,188,139394,2355.3
145,ORD10145,SHOP_A,ShopeeFood,2025-04-27 12:53:00,1.47,680,1687,0,189,140239,2379.7
381,ORD10381,SHOP_A,Robinhood,2025-04-27 12:53:00,5.81,1112,902,0,190,140919,2389.1
915,ORD10915,SHOP_A,ShopeeFood,2025-04-27 12:53:00,5.48,383,1442,0,191,142031,2400.2
891,ORD10891,SHOP_A,ShopeeFood,2025-04-27 12:54:00,1.56,240,467,1,192,142414,2384.7
705,ORD10705,SHOP_A,Robinhood,2025-04-27 12:56:00,5.14,327,1767,0,193,142654,2414.2
993,ORD10993,SHOP_A,ShopeeFood,2025-04-27 12:56:00,2.73,298,1231,0,194,142981,2405.8
110,ORD10110,SHOP_A,LINE_MAN,2025-04-27 12:57:00,4.53,1164,705,1,195,143279,2416.0
340,ORD10340,SHOP_A,Robinhood,2025-04-27 12:57:00,7.51,256,476,1,196,144443,2419.0
380,ORD10380,SHOP_A,ShopeeFood,2025-04-27 12:57:00,1.48,916,1293,0,197,144699,2446.1
174,ORD10174,SHOP_A,ShopeeFood,2025-04-27 12:58:00,0.55,339,411,1,198,145615,2442.9
672,ORD10672,SHOP_A,GrabFood,2025-04-27 12:58:00,3.86,322,1151,0,199,145954,2462.8
23,ORD10023,SHOP_A,ShopeeFood,2025-04-27 12:59:00,4.0,592,801,0,200,146276,2464.0
758,ORD10758,SHOP_A,ShopeeFood,2025-04-27 12:59:00,3.4,519,1354,0,201,146868,2478.9
16,ORD10016,SHOP_A,GrabFood,2025-04-27 13:00:00,4.74,976,794,0,202,147387,2489.5
278,ORD10278,SHOP_A,GrabFood,2025-04-27 13:00:00,2.07,728,332,0,203,148363,2496.6
900,ORD10900,SHOP_A,ShopeeFood,2025-04-27 13:00:00,7.56,286,359,1,204,149091,2492.2
248,ORD10248,SHOP_A,Robinhood,2025-04-27 13:01:00,7.92,636,1077,0,205,149377,2518.7
176,ORD10176,SHOP_A,ShopeeFood,2025-04-27 13:04:00,2.82,863,1521,0,206,150013,2543.7
972,ORD10972,SHOP_A,GrabFood,2025-04-27 13:04:00,6.84,1083,1613,0,207,150876,2561.7
129,ORD10129,SHOP_A,ShopeeFood,2025-04-27 13:06:00,1.3,739,1669,0,208,151959,2578.9
316,ORD10316,SHOP_A,Robinhood,2025-04-27 13:07:00,5.54,314,967,0,209,152698,2568.5
495,ORD10495,SHOP_A,ShopeeFood,2025-04-27 13:07:00,6.19,374,1559,0,210,153012,2585.8
878,ORD10878,SHOP_A,ShopeeFood,2025-04-27 13:07:00,6.1,468,1153,1,211,153386,2589.1
886,ORD10886,SHOP_A,LINE_MAN,2025-04-27 13:08:00,3.4,608,1560,0,212,153854,2601.1
302,ORD10302,SHOP_A,ShopeeFood,2025-04-27 13:09:00,3.7,924,689,0,213,154462,2602.5
697,ORD10697,SHOP_A,ShopeeFood,2025-04-27 13:10:00,3.04,303,612,1,214,155386,2606.8
603,ORD10603,SHOP_A,ShopeeFood,2025-04-27 13:11:00,4.64,900,903,0,215,155689,2621.2
314,ORD10314,SHOP_A,LINE_MAN,2025-04-27 13:13:00,1.93,908,1796,0,216,156589,2656.7
401,ORD10401,SHOP_A,ShopeeFood,2025-04-27 13:13:00,0.96,1032,644,0,217,157497,2649.4
342,ORD10342,SHOP_A,ShopeeFood,2025-04-27 13:15:00,4.73,827,529,0,218,158529,2666.6
438,ORD10438,SHOP_A,LINE_MAN,2025-04-27 13:15:00,4.07,628,331,0,219,159356,2673.3
966,ORD10966,SHOP_A,LINE_MAN,2025-04-27 13:17:00,1.6,313,250,1,220,159984,2673.5
813,ORD10813,SHOP_A,ShopeeFood,2025-04-27 13:19:00,6.9,588,258,0,221,160297,2689.9
884,ORD10884,SHOP_A,LINE_MAN,2025-04-27 13:19:00,4.04,947,905,0,222,160885,2715.2
71,ORD10071,SHOP_A,ShopeeFood,2025-04-27 13:20:00,1.34,765,1367,0,223,161832,2733.3
911,ORD10911,SHOP_A,ShopeeFood,2025-04-27 13:20:00,1.33,802,1684,0,224,162597,2755.9
300,ORD10300,SHOP_A,LINE_MAN,2025-04-27 13:22:00,7.65,573,498,0,225,163399,2739.4
333,ORD10333,SHOP_A,LINE_MAN,2025-04-27 13:22:00,1.3,358,683,0,226,163972,2752.3
691,ORD10691,SHOP_A,GrabFood,2025-04-27 13:23:00,5.26,981,574,0,227,164330,2767.5
44,ORD10044,SHOP_A,GrabFood,2025-04-27 13:25:00,3.38,853,1343,0,228,165311,2794.7
178,ORD10178,SHOP_A,Robinhood,2025-04-27 13:25:00,1.37,685,366,0,229,166164,2785.4
335,ORD10335,SHOP_A,Robinhood,2025-04-27 13:25:00,5.41,706,243,0,230,166849,2793.7
523,ORD10523,SHOP_A,ShopeeFood,2025-04-27 13:28:00,3.75,394,990,0,231,167555,2816.4
280,ORD10280,SHOP_A,Robinhood,2025-04-27 13:29:00,6.99,242,1425,0,232,167949,2824.4
481,ORD10481,SHOP_A,ShopeeFood,2025-04-27 13:29:00,6.46,256,1325,0,233,168191,2827.9
157,ORD10157,SHOP_A,Robinhood,2025-04-27 13:30:00,0.95,999,413,0,234,168447,2831.9
288,ORD10288,SHOP_A,GrabFood,2025-04-27 13:30:00,2.78,916,487,0,235,169446,2846.2
564,ORD10564,SHOP_A,LINE_MAN,2025-04-27 13:30:00,4.29,834,1583,0,236,170362,2873.3
788,ORD10788,SHOP_A,GrabFood,2025-04-27 13:30:00,5.81,558,698,0,237,171196,2875.1
929,ORD10929,SHOP_A,ShopeeFood,2025-04-27 13:30:00,6.04,269,1410,1,238,171754,2890.5
522,ORD10522,SHOP_A,LINE_MAN,2025-04-27 13:31:00,0.53,302,1525,0,239,172023,2893.2
838,ORD10838,SHOP_A,ShopeeFood,2025-04-27 13:31:00,1.16,822,752,0,240,172325,2899.9
468,ORD10468,SHOP_A,GrabFood,2025-04-27 13:32:00,7.06,371,649,1,241,173147,2904.7
33,ORD10033,SHOP_A,Robinhood,2025-04-27 13:34:00,5.92,1093,1557,1,242,173518,2934.2
319,ORD10319,SHOP_A,LINE_MAN,2025-04-27 13:37:00,5.6,576,1333,0,243,174611,2948.1
97,ORD10097,SHOP_A,Robinhood,2025-04-27 13:39:00,1.31,927,1030,1,244,175187,2953.9
881,ORD10881,SHOP_A,LINE_MAN,2025-04-27 13:42:00,5.44,569,1432,0,245,176114,2966.0
60,ORD10060,SHOP_A,GrabFood,2025-04-27 13:44:00,4.98,392,1729,0,246,176683,2981.3
430,ORD10430,SHOP_A,LINE_MAN,2025-04-27 13:44:00,3.62,590,413,0,247,177075,2964.8
162,ORD10162,SHOP_A,Robinhood,2025-04-27 13:45:00,4.84,417,1345,1,248,177665,2987.7
29,ORD10029,SHOP_A,Robinhood,2025-04-27 13:46:00,5.53,428,191,1,249,178082,2977.8
873,ORD10873,SHOP_A,Robinhood,2025-04-27 13:46:00,6.75,1086,1112,1,250,178510,3009.9
992,ORD10992,SHOP_A,ShopeeFood,2025-04-27 13:46:00,2.14,596,217,0,251,179596,3009.5
231,ORD10231,SHOP_A,LINE_MAN,2025-04-27 13:47:00,3.43,619,1385,0,252,180192,3029.7
750,ORD10750,SHOP_A,Robinhood,2025-04-27 13:48:00,6.54,553,659,0,253,180811,3035.2
108,ORD10108,SHOP_A,LINE_MAN,2025-04-27 13:49:00,2.22,334,248,1,254,181364,3030.8
222,ORD10222,SHOP_A,ShopeeFood,2025-04-27 13:49:00,2.54,966,1506,1,255,181698,3069.2
379,ORD10379,SHOP_A,GrabFood,2025-04-27 13:49:00,5.33,405,1389,0,256,182664,3078.1
549,ORD10549,SHOP_A,Robinhood,2025-04-27 13:49:00,6.03,1184,229,1,257,183069,3073.5
86,ORD10086,SHOP_A,GrabFood,2025-04-27 13:50:00,1.96,885,1486,0,258,184253,3107.6
773,ORD10773,SHOP_A,ShopeeFood,2025-04-27 13:51:00,1.15,803,218,0,259,185138,3102.3
207,ORD10207,SHOP_A,LINE_MAN,2025-04-27 13:52:00,2.37,276,998,1,260,185941,3120.8
433,ORD10433,SHOP_A,ShopeeFood,2025-04-27 13:52:00,0.93,969,1087,0,261,186217,3136.2
921,ORD10921,SHOP_A,GrabFood,2025-04-27 13:52:00,1.9,936,862,0,262,187186,3147.2
474,ORD10474,SHOP_A,LINE_MAN,2025-04-27 13:55:00,4.15,427,1030,1,263,188122,3156.0
912,ORD10912,SHOP_A,GrabFood,2025-04-27 13:55:00,7.5,440,240,0,264,188549,3155.0
822,ORD10822,SHOP_A,GrabFood,2025-04-27 13:56:00,6.89,526,1664,0,265,188989,3184.2
220,ORD10220,SHOP_A,GrabFood,2025-04-27 13:57:00,1.59,544,201,0,266,189515,3173.9
470,ORD10470,SHOP_A,Robinhood,2025-04-27 13:58:00,1.63,430,545,1,267,190059,3185.6
675,ORD10675,SHOP_A,GrabFood,2025-04-27 13:58:00,2.74,610,1229,0,268,190489,3203.4
135,ORD10135,SHOP_A,Robinhood,2025-04-27 13:59:00,4.46,329,1138,0,269,191099,3207.3
731,ORD10731,SHOP_B,GrabFood,2025-04-27 10:01:00,6.0,944,431,0,0,0,19.4
695,ORD10695,SHOP_B,Robinhood,2025-04-27 10:02:00,1.96,596,189,0,1,944,27.9
715,ORD10715,SHOP_B,LINE_MAN,2025-04-27 10:02:00,3.91,1113,962,0,2,1540,63.3
79,ORD10079,SHOP_B,ShopeeFood,2025-04-27 10:03:00,1.33,953,1138,0,3,2653,75.9
570,ORD10570,SHOP_B,Robinhood,2025-04-27 10:03:00,7.55,468,975,0,4,3606,85.5
800,ORD10800,SHOP_B,ShopeeFood,2025-04-27 10:03:00,7.55,888,496,0,5,4074,97.0
848,ORD10848,SHOP_B,GrabFood,2025-04-27 10:03:00,6.7,609,454,0,6,4962,102.7
887,ORD10887,SHOP_B,ShopeeFood,2025-04-27 10:03:00,7.49,427,1322,0,7,5571,120.5
35,ORD10035,SHOP_B,ShopeeFood,2025-04-27 10:04:00,1.83,335,512,1,8,5998,115.0
987,ORD10987,SHOP_B,Robinhood,2025-04-27 10:04:00,5.55,1189,411,0,9,6333,132.4
85,ORD10085,SHOP_B,LINE_MAN,2025-04-27 10:06:00,4.33,611,1553,0,10,7522,158.6
453,ORD10453,SHOP_B,LINE_MAN,2025-04-27 10:06:00,1.88,664,1638,0,11,8133,175.2
484,ORD10484,SHOP_B,Robinhood,2025-04-27 10:06:00,4.91,326,195,0,12,8797,156.1
262,ORD10262,SHOP_B,ShopeeFood,2025-04-27 10:07:00,3.61,896,1634,0,13,9123,197.2
829,ORD10829,SHOP_B,ShopeeFood,2025-04-27 10:08:00,1.35,1136,761,0,14,10019,201.1
604,ORD10604,SHOP_B,GrabFood,2025-04-27 10:09:00,5.91,985,1726,0,15,11155,227.0
647,ORD10647,SHOP_B,GrabFood,2025-04-27 10:10:00,7.06,915,1311,1,16,12140,240.0
825,ORD10825,SHOP_B,LINE_MAN,2025-04-27 10:10:00,1.72,311,955,0,17,13055,235.9
866,ORD10866,SHOP_B,Robinhood,2025-04-27 10:10:00,7.23,489,1505,1,18,13366,260.7
727,ORD10727,SHOP_B,LINE_MAN,2025-04-27 10:14:00,3.7,1098,954,0,19,13855,261.4
568,ORD10568,SHOP_B,ShopeeFood,2025-04-27 10:15:00,6.73,611,939,0,20,14953,273.0
58,ORD10058,SHOP_B,Robinhood,2025-04-27 10:16:00,3.49,920,984,0,21,15564,289.5
70,ORD10070,SHOP_B,LINE_MAN,2025-04-27 10:16:00,1.08,1121,834,0,22,16484,308.6
226,ORD10226,SHOP_B,LINE_MAN,2025-04-27 10:18:00,0.67,532,418,0,23,17605,309.3
520,ORD10520,SHOP_B,GrabFood,2025-04-27 10:18:00,2.37,867,341,0,24,18137,318.7
599,ORD10599,SHOP_B,LINE_MAN,2025-04-27 10:19:00,6.15,421,1454,1,25,19004,351.6
729,ORD10729,SHOP_B,GrabFood,2025-04-27 10:20:00,3.89,1009,1024,0,26,19425,354.5
679,ORD10679,SHOP_B,GrabFood,2025-04-27 10:21:00,0.62,434,1438,0,27,20434,368.2
118,ORD10118,SHOP_B,GrabFood,2025-04-27 10:25:00,4.8,347,1215,0,28,20868,368.3
701,ORD10701,SHOP_B,LINE_MAN,2025-04-27 10:30:00,3.79,1087,579,0,29,21215,381.9
812,ORD10812,SHOP_B,ShopeeFood,2025-04-27 10:30:00,1.32,354,386,0,30,22302,383.9
156,ORD10156,SHOP_B,LINE_MAN,2025-04-27 10:33:00,2.35,733,476,1,31,22656,395.3
785,ORD10785,SHOP_B,GrabFood,2025-04-27 10:34:00,0.94,668,484,1,32,23389,404.8
163,ORD10163,SHOP_B,Robinhood,2025-04-27 10:36:00,6.76,659,345,0,33,24057,417.9
328,ORD10328,SHOP_B,GrabFood,2025-04-27 10:36:00,0.81,581,1282,0,34,24716,438.6
443,ORD10443,SHOP_B,LINE_MAN,2025-04-27 10:36:00,2.76,878,1128,0,35,25297,456.5
24,ORD10024,SHOP_B,LINE_MAN,2025-04-27 10:37:00,1.59,471,314,0,36,26175,452.9
553,ORD10553,SHOP_B,ShopeeFood,2025-04-27 10:37:00,2.22,1063,1695,0,37,26646,488.6
650,ORD10650,SHOP_B,LINE_MAN,2025-04-27 10:38:00,1.25,492,417,1,38,27709,478.0
685,ORD10685,SHOP_B,GrabFood,2025-04-27 10:38:00,4.54,1072,751,0,39,28201,503.3
805,ORD10805,SHOP_B,Robinhood,2025-04-27 10:38:00,1.78,722,366,1,40,29273,503.2
860,ORD10860,SHOP_B,Robinhood,2025-04-27 10:38:00,5.93,991,579,1,41,29995,529.6
989,ORD10989,SHOP_B,ShopeeFood,2025-04-27 10:40:00,2.47,706,1649,0,42,30986,558.7
649,ORD10649,SHOP_B,ShopeeFood,2025-04-27 10:42:00,3.73,1054,990,0,43,31692,561.8
164,ORD10164,SHOP_B,LINE_MAN,2025-04-27 10:44:00,4.34,520,545,0,44,32746,569.4
111,ORD10111,SHOP_B,LINE_MAN,2025-04-27 10:45:00,4.48,519,1132,0,45,33266,576.8
247,ORD10247,SHOP_B,ShopeeFood,2025-04-27 10:47:00,7.4,403,1420,0,46,33785,594.1
113,ORD10113,SHOP_B,GrabFood,2025-04-27 10:48:00,3.66,608,1167,0,47,34188,602.5
277,ORD10277,SHOP_B,ShopeeFood,2025-04-27 10:48:00,6.51,728,1741,0,48,34796,624.5
32,ORD10032,SHOP_B,Robinhood,2025-04-27 10:49:00,1.97,742,1557,0,49,35524,628.2
768,ORD10768,SHOP_B,ShopeeFood,2025-04-27 10:49:00,5.39,260,1773,0,50,36266,643.9
203,ORD10203,SHOP_B,Robinhood,2025-04-27 10:50:00,4.89,770,1762,0,51,36526,643.7
323,ORD10323,SHOP_B,ShopeeFood,2025-04-27 10:51:00,5.53,978,1529,0,52,37296,658.1
375,ORD10375,SHOP_B,LINE_MAN,2025-04-27 10:51:00,1.88,283,1236,0,53,38274,663.7
548,ORD10548,SHOP_B,Robinhood,2025-04-27 10:51:00,5.77,1166,379,0,54,38557,664.5
533,ORD10533,SHOP_B,ShopeeFood,2025-04-27 10:52:00,3.73,1139,878,0,55,39723,698.0
939,ORD10939,SHOP_B,ShopeeFood,2025-04-27 10:53:00,5.02,349,946,1,56,40862,705.7
936,ORD10936,SHOP_B,GrabFood,2025-04-27 10:55:00,3.6,1127,377,1,57,41211,707.1
646,ORD10646,SHOP_B,ShopeeFood,2025-04-27 10:57:00,4.12,369,844,0,58,42338,727.7
655,ORD10655,SHOP_B,ShopeeFood,2025-04-27 10:58:00,2.93,1184,698,0,59,42707,740.0
783,ORD10783,SHOP_B,GrabFood,2025-04-27 10:58:00,7.94,1092,912,0,60,43891,766.3
793,ORD10793,SHOP_B,ShopeeFood,2025-04-27 10:58:00,4.57,882,1150,0,61,44983,776.1
338,ORD10338,SHOP_B,LINE_MAN,2025-04-27 10:59:00,4.64,928,1480,1,62,45865,804.3
56,ORD10056,SHOP_B,LINE_MAN,2025-04-27 11:00:00,7.24,298,1254,0,63,46793,802.2
826,ORD10826,SHOP_B,ShopeeFood,2025-04-27 11:05:00,5.83,352,920,0,64,47091,804.5
426,ORD10426,SHOP_B,ShopeeFood,2025-04-27 11:06:00,1.36,393,277,0,65,47443,801.5
597,ORD10597,SHOP_B,GrabFood,2025-04-27 11:07:00,4.31,607,1235,0,66,47836,827.7
82,ORD10082,SHOP_B,LINE_MAN,2025-04-27 11:08:00,3.09,306,777,0,67,48443,825.9
854,ORD10854,SHOP_B,Robinhood,2025-04-27 11:08:00,6.54,884,1707,1,68,48749,853.2
406,ORD10406,SHOP_B,GrabFood,2025-04-27 11:09:00,5.58,405,1346,0,69,49633,854.1
458,ORD10458,SHOP_B,ShopeeFood,2025-04-27 11:09:00,4.18,527,250,0,70,50038,849.6
510,ORD10510,SHOP_B,GrabFood,2025-04-27 11:11:00,2.47,520,1042,0,71,50565,871.0
796,ORD10796,SHOP_B,LINE_MAN,2025-04-27 11:12:00,3.58,1004,1041,1,72,51085,884.6
530,ORD10530,SHOP_B,ShopeeFood,2025-04-27 11:13:00,6.73,561,1075,0,73,52089,896.3
216,ORD10216,SHOP_B,ShopeeFood,2025-04-27 11:16:00,1.19,860,978,0,74,52650,906.3
12,ORD10012,SHOP_B,LINE_MAN,2025-04-27 11:17:00,6.44,797,1371,0,75,53510,925.3
242,ORD10242,SHOP_B,Robinhood,2025-04-27 11:17:00,7.26,613,912,0,76,54307,929.2
337,ORD10337,SHOP_B,GrabFood,2025-04-27 11:19:00,2.5,946,276,1,77,54920,936.8
519,ORD10519,SHOP_B,ShopeeFood,2025-04-27 11:19:00,6.17,364,419,0,78,55866,939.3
547,ORD10547,SHOP_B,LINE_MAN,2025-04-27 11:20:00,2.45,272,1312,0,79,56230,960.5
745,ORD10745,SHOP_B,GrabFood,2025-04-27 11:20:00,0.72,883,798,0,80,56502,971.8
784,ORD10784,SHOP_B,GrabFood,2025-04-27 11:21:00,7.53,1031,962,1,81,57385,990.6
925,ORD10925,SHOP_B,Robinhood,2025-04-27 11:22:00,5.43,819,1155,0,82,58416,1009.9
180,ORD10180,SHOP_B,Robinhood,2025-04-27 11:23:00,2.56,476,1534,0,83,59235,1021.1
267,ORD10267,SHOP_B,LINE_MAN,2025-04-27 11:24:00,6.13,554,859,1,84,59711,1020.2
577,ORD10577,SHOP_B,GrabFood,2025-04-27 11:24:00,5.71,1097,1685,0,85,60265,1048.5
456,ORD10456,SHOP_B,LINE_MAN,2025-04-27 11:25:00,7.21,556,257,0,86,61362,1029.7
659,ORD10659,SHOP_B,Robinhood,2025-04-27 11:25:00,1.29,514,207,1,87,61918,1043.8
63,ORD10063,SHOP_B,Robinhood,2025-04-27 11:26:00,0.76,695,380,0,88,62432,1053.2
436,ORD10436,SHOP_B,Robinhood,2025-04-27 11:26:00,4.48,456,1076,0,89,63127,1077.3
114,ORD10114,SHOP_B,ShopeeFood,2025-04-27 11:29:00,7.93,298,488,1,90,63583,1074.2
658,ORD10658,SHOP_B,ShopeeFood,2025-04-27 11:31:00,7.13,1198,931,1,91,63881,1104.2
700,ORD10700,SHOP_B,Robinhood,2025-04-27 11:31:00,4.64,1084,611,0,92,65079,1113.7
852,ORD10852,SHOP_B,ShopeeFood,2025-04-27 11:34:00,7.64,1073,460,0,93,66163,1132.0
41,ORD10041,SHOP_B,GrabFood,2025-04-27 11:35:00,0.57,757,608,0,94,67236,1142.9
357,ORD10357,SHOP_B,GrabFood,2025-04-27 11:35:00,1.81,1009,1221,1,95,67993,1170.3
735,ORD10735,SHOP_B,ShopeeFood,2025-04-27 11:35:00,7.22,903,756,0,96,69002,1177.5
722,ORD10722,SHOP_B,Robinhood,2025-04-27 11:36:00,3.62,1146,1763,0,97,69905,1212.0
774,ORD10774,SHOP_B,ShopeeFood,2025-04-27 11:36:00,5.83,880,465,0,98,71051,1204.6
995,ORD10995,SHOP_B,LINE_MAN,2025-04-27 11:36:00,7.92,696,187,0,99,71931,1212.6
439,ORD10439,SHOP_B,GrabFood,2025-04-27 11:37:00,6.88,592,501,1,100,72627,1230.0
77,ORD10077,SHOP_B,GrabFood,2025-04-27 11:41:00,5.36,833,1072,1,101,73219,1254.1
609,ORD10609,SHOP_B,GrabFood,2025-04-27 11:41:00,5.78,916,1027,1,102,74052,1263.6
239,ORD10239,SHOP_B,Robinhood,2025-04-27 11:45:00,7.85,853,428,0,103,74968,1272.1
760,ORD10760,SHOP_B,Robinhood,2025-04-27 11:45:00,4.14,622,304,0,104,75821,1280.3
799,ORD10799,SHOP_B,ShopeeFood,2025-04-27 11:45:00,1.58,1088,1271,0,105,76443,1316.8
236,ORD10236,SHOP_B,ShopeeFood,2025-04-27 11:46:00,1.41,686,1177,0,106,77531,1325.5
506,ORD10506,SHOP_B,GrabFood,2025-04-27 11:48:00,4.98,843,1676,1,107,78217,1344.1
969,ORD10969,SHOP_B,LINE_MAN,2025-04-27 11:48:00,3.57,383,669,0,108,79060,1329.4
471,ORD10471,SHOP_B,LINE_MAN,2025-04-27 11:49:00,4.0,1118,1148,0,109,79443,1358.8
531,ORD10531,SHOP_B,LINE_MAN,2025-04-27 11:49:00,4.46,539,660,1,110,80561,1362.2
91,ORD10091,SHOP_B,LINE_MAN,2025-04-27 11:52:00,6.73,660,1540,1,111,81100,1389.5
28,ORD10028,SHOP_B,GrabFood,2025-04-27 11:55:00,1.91,1010,1263,0,112,81760,1400.9
50,ORD10050,SHOP_B,Robinhood,2025-04-27 11:55:00,5.17,481,426,1,113,82770,1400.5
318,ORD10318,SHOP_B,GrabFood,2025-04-27 11:56:00,5.85,1010,1679,0,114,83251,1435.6
449,ORD10449,SHOP_B,ShopeeFood,2025-04-27 11:56:00,5.96,526,589,0,115,84261,1421.6
782,ORD10782,SHOP_B,Robinhood,2025-04-27 11:56:00,6.36,1199,507,0,116,84787,1446.7
27,ORD10027,SHOP_B,ShopeeFood,2025-04-27 11:57:00,0.9,668,1182,0,117,85986,1460.3
717,ORD10717,SHOP_B,GrabFood,2025-04-27 11:57:00,4.18,620,955,0,118,86654,1469.2
230,ORD10230,SHOP_B,ShopeeFood,2025-04-27 11:58:00,1.83,893,395,0,119,87274,1473.4
677,ORD10677,SHOP_B,Robinhood,2025-04-27 11:58:00,4.3,1199,633,0,120,88167,1508.0
752,ORD10752,SHOP_B,ShopeeFood,2025-04-27 11:59:00,6.81,307,268,0,121,89366,1495.5
946,ORD10946,SHOP_B,Robinhood,2025-04-27 11:59:00,6.53,510,642,1,122,89673,1514.5
447,ORD10447,SHOP_B,LINE_MAN,2025-04-27 12:01:00,2.17,270,308,0,123,90183,1513.6
532,ORD10532,SHOP_B,Robinhood,2025-04-27 12:01:00,1.18,648,359,0,124,90453,1523.7
148,ORD10148,SHOP_B,Robinhood,2025-04-27 12:02:00,6.17,268,1321,0,125,91101,1546.2
341,ORD10341,SHOP_B,Robinhood,2025-04-27 12:04:00,5.85,640,751,0,126,91369,1548.1
680,ORD10680,SHOP_B,ShopeeFood,2025-04-27 12:04:00,4.69,936,1539,0,127,92009,1575.3
671,ORD10671,SHOP_B,GrabFood,2025-04-27 12:06:00,1.76,1063,770,1,128,92945,1574.8
294,ORD10294,SHOP_B,ShopeeFood,2025-04-27 12:07:00,6.12,322,760,0,129,94008,1584.6
354,ORD10354,SHOP_B,LINE_MAN,2025-04-27 12:07:00,3.48,832,1017,1,130,94330,1605.1
600,ORD10600,SHOP_B,ShopeeFood,2025-04-27 12:07:00,5.41,1046,661,0,131,95162,1614.3
119,ORD10119,SHOP_B,ShopeeFood,2025-04-27 12:10:00,4.57,572,1034,0,132,96208,1629.0
208,ORD10208,SHOP_B,Robinhood,2025-04-27 12:10:00,2.83,387,479,0,133,96780,1628.3
218,ORD10218,SHOP_B,GrabFood,2025-04-27 12:10:00,1.09,933,366,0,134,97167,1639.3
253,ORD10253,SHOP_B,Robinhood,2025-04-27 12:11:00,6.62,662,1711,1,135,98100,1677.6
859,ORD10859,SHOP_B,GrabFood,2025-04-27 12:12:00,5.82,675,757,0,136,98762,1673.4
964,ORD10964,SHOP_B,ShopeeFood,2025-04-27 12:13:00,4.86,721,1365,0,137,99437,1695.5
61,ORD10061,SHOP_B,Robinhood,2025-04-27 12:15:00,3.46,743,1297,0,138,100158,1696.4
741,ORD10741,SHOP_B,GrabFood,2025-04-27 12:16:00,0.54,791,1729,0,139,100901,1724.9
353,ORD10353,SHOP_B,Robinhood,2025-04-27 12:18:00,5.04,288,344,0,140,101692,1707.7
352,ORD10352,SHOP_B,GrabFood,2025-04-27 12:19:00,4.04,445,1546,0,141,101980,1737.5
789,ORD10789,SHOP_B,GrabFood,2025-04-27 12:19:00,7.01,395,1055,0,142,102425,1727.0
249,ORD10249,SHOP_B,ShopeeFood,2025-04-27 12:20:00,5.15,1181,1486,0,143,102820,1756.3
415,ORD10415,SHOP_B,LINE_MAN,2025-04-27 12:20:00,6.36,329,974,1,144,104001,1756.2
472,ORD10472,SHOP_B,LINE_MAN,2025-04-27 12:20:00,2.18,422,1543,0,145,104330,1772.6
832,ORD10832,SHOP_B,ShopeeFood,2025-04-27 12:21:00,7.96,828,396,0,146,104752,1763.4
425,ORD10425,SHOP_B,Robinhood,2025-04-27 12:23:00,1.41,1137,1174,0,147,105580,1801.6
142,ORD10142,SHOP_B,ShopeeFood,2025-04-27 12:25:00,2.23,471,529,1,148,106717,1799.0
153,ORD10153,SHOP_B,GrabFood,2025-04-27 12:25:00,3.9,387,313,0,149,107188,1799.5
284,ORD10284,SHOP_B,ShopeeFood,2025-04-27 12:25:00,2.49,1000,955,0,150,107575,1823.9
514,ORD10514,SHOP_B,ShopeeFood,2025-04-27 12:25:00,2.69,592,274,0,151,108575,1825.0
188,ORD10188,SHOP_B,ShopeeFood,2025-04-27 12:26:00,3.04,548,1119,0,152,109167,1849.6
360,ORD10360,SHOP_B,ShopeeFood,2025-04-27 12:26:00,7.27,1036,1611,1,153,109715,1872.2
49,ORD10049,SHOP_B,LINE_MAN,2025-04-27 12:27:00,4.56,1167,844,0,154,110751,1877.6
576,ORD10576,SHOP_B,GrabFood,2025-04-27 12:27:00,4.33,627,342,1,155,111918,1881.8
687,ORD10687,SHOP_B,LINE_MAN,2025-04-27 12:27:00,4.53,814,372,1,156,112545,1897.4
38,ORD10038,SHOP_B,ShopeeFood,2025-04-27 12:28:00,5.72,470,1225,0,157,113359,1915.5
391,ORD10391,SHOP_B,ShopeeFood,2025-04-27 12:35:00,3.83,995,503,0,158,113829,1924.9
189,ORD10189,SHOP_B,LINE_MAN,2025-04-27 12:38:00,0.59,317,721,0,159,114824,1928.0
444,ORD10444,SHOP_B,ShopeeFood,2025-04-27 12:40:00,2.61,1010,282,0,160,115141,1938.7
696,ORD10696,SHOP_B,Robinhood,2025-04-27 12:40:00,5.37,1176,1519,1,161,116151,1980.9
733,ORD10733,SHOP_B,Robinhood,2025-04-27 12:42:00,6.74,630,1386,0,162,117327,1983.9
409,ORD10409,SHOP_B,LINE_MAN,2025-04-27 12:43:00,1.24,794,311,1,163,117957,1985.2
673,ORD10673,SHOP_B,Robinhood,2025-04-27 12:44:00,3.76,301,840,0,164,118751,1998.2
862,ORD10862,SHOP_B,Robinhood,2025-04-27 12:44:00,3.3,272,1752,0,165,119052,2022.1
551,ORD10551,SHOP_B,LINE_MAN,2025-04-27 12:45:00,5.59,397,227,0,166,119324,1997.8
842,ORD10842,SHOP_B,GrabFood,2025-04-27 12:50:00,7.57,388,488,0,167,119721,2010.1
412,ORD10412,SHOP_B,Robinhood,2025-04-27 12:52:00,6.25,933,1464,0,168,120109,2048.3
524,ORD10524,SHOP_B,ShopeeFood,2025-04-27 12:52:00,0.6,1151,1645,0,169,121042,2063.5
747,ORD10747,SHOP_B,LINE_MAN,2025-04-27 12:54:00,3.0,906,612,0,170,122193,2059.7
996,ORD10996,SHOP_B,Robinhood,2025-04-27 12:54:00,1.99,875,1644,1,171,123099,2089.9
195,ORD10195,SHOP_B,Robinhood,2025-04-27 12:55:00,7.34,678,1625,1,172,123974,2102.1
205,ORD10205,SHOP_B,LINE_MAN,2025-04-27 12:55:00,2.85,637,395,0,173,124652,2094.0
235,ORD10235,SHOP_B,Robinhood,2025-04-27 12:55:00,5.55,431,1460,1,174,125289,2118.4
279,ORD10279,SHOP_B,LINE_MAN,2025-04-27 12:55:00,1.6,844,1126,0,175,125720,2126.4
974,ORD10974,SHOP_B,Robinhood,2025-04-27 12:56:00,3.74,1129,1128,0,176,126564,2152.1
917,ORD10917,SHOP_B,GrabFood,2025-04-27 12:57:00,5.66,275,727,0,177,127693,2144.1
133,ORD10133,SHOP_B,LINE_MAN,2025-04-27 13:01:00,3.84,969,1303,1,178,127968,2168.1
976,ORD10976,SHOP_B,Robinhood,2025-04-27 13:02:00,5.52,556,812,0,179,128937,2171.9
57,ORD10057,SHOP_B,GrabFood,2025-04-27 13:03:00,1.17,412,1271,0,180,129493,2189.6
152,ORD10152,SHOP_B,GrabFood,2025-04-27 13:03:00,2.42,413,760,1,181,129905,2186.9
622,ORD10622,SHOP_B,Robinhood,2025-04-27 13:04:00,4.26,444,1598,1,182,130318,2208.2
714,ORD10714,SHOP_B,ShopeeFood,2025-04-27 13:04:00,3.25,742,807,0,183,130762,2206.5
648,ORD10648,SHOP_B,Robinhood,2025-04-27 13:05:00,2.7,421,211,0,184,131504,2197.0
167,ORD10167,SHOP_B,Robinhood,2025-04-27 13:06:00,4.23,867,904,0,185,131925,2222.5
517,ORD10517,SHOP_B,GrabFood,2025-04-27 13:06:00,7.04,464,732,0,186,132792,2229.5
898,ORD10898,SHOP_B,Robinhood,2025-04-27 13:07:00,5.24,1006,970,1,187,133256,2251.1
664,ORD10664,SHOP_B,LINE_MAN,2025-04-27 13:08:00,2.1,908,427,0,188,134262,2259.2
124,ORD10124,SHOP_B,Robinhood,2025-04-27 13:09:00,1.99,1040,1524,0,189,135170,2298.9
170,ORD10170,SHOP_B,GrabFood,2025-04-27 13:09:00,5.28,844,415,0,190,136210,2291.7
417,ORD10417,SHOP_B,ShopeeFood,2025-04-27 13:10:00,5.12,747,1703,0,191,137054,2330.6
617,ORD10617,SHOP_B,ShopeeFood,2025-04-27 13:12:00,5.25,964,1700,0,192,137801,2343.8
945,ORD10945,SHOP_B,GrabFood,2025-04-27 13:13:00,7.4,245,1043,1,193,138765,2331.2
930,ORD10930,SHOP_B,ShopeeFood,2025-04-27 13:18:00,2.43,992,1266,0,194,139010,2357.7
198,ORD10198,SHOP_B,GrabFood,2025-04-27 13:19:00,7.18,967,776,0,195,140002,2359.3
770,ORD10770,SHOP_B,LINE_MAN,2025-04-27 13:19:00,2.69,1105,1668,0,196,140969,2394.8
689,ORD10689,SHOP_B,GrabFood,2025-04-27 13:22:00,7.61,1199,243,0,197,142074,2394.4
820,ORD10820,SHOP_B,Robinhood,2025-04-27 13:22:00,1.48,588,251,0,198,143273,2401.9
545,ORD10545,SHOP_B,ShopeeFood,2025-04-27 13:24:00,3.59,957,1195,0,199,143861,2432.6
927,ORD10927,SHOP_B,ShopeeFood,2025-04-27 13:24:00,7.78,968,383,0,200,144818,2433.0
482,ORD10482,SHOP_B,LINE_MAN,2025-04-27 13:25:00,2.62,984,1506,0,201,145786,2475.8
539,ORD10539,SHOP_B,GrabFood,2025-04-27 13:25:00,5.83,759,669,0,202,146770,2467.8
179,ORD10179,SHOP_B,GrabFood,2025-04-27 13:27:00,1.78,1043,1285,0,203,147529,2494.8
223,ORD10223,SHOP_B,ShopeeFood,2025-04-27 13:28:00,3.65,943,1588,0,204,148572,2519.8
19,ORD10019,SHOP_B,Robinhood,2025-04-27 13:29:00,3.73,987,517,0,205,149515,2517.5
234,ORD10234,SHOP_B,ShopeeFood,2025-04-27 13:29:00,2.24,825,1273,0,206,150502,2547.4
15,ORD10015,SHOP_B,LINE_MAN,2025-04-27 13:30:00,5.05,1034,714,0,207,151327,2552.8
478,ORD10478,SHOP_B,Robinhood,2025-04-27 13:30:00,3.42,457,420,0,208,152361,2553.0
839,ORD10839,SHOP_B,GrabFood,2025-04-27 13:30:00,6.64,698,786,0,209,152818,2568.0
190,ORD10190,SHOP_B,ShopeeFood,2025-04-27 13:34:00,0.86,711,1009,0,210,153516,2586.1
571,ORD10571,SHOP_B,GrabFood,2025-04-27 13:35:00,2.94,252,1339,0,211,154227,2593.6
80,ORD10080,SHOP_B,LINE_MAN,2025-04-27 13:38:00,6.96,971,1217,1,212,154479,2613.3
676,ORD10676,SHOP_B,ShopeeFood,2025-04-27 13:38:00,4.03,1099,1709,1,213,155450,2637.6
397,ORD10397,SHOP_B,GrabFood,2025-04-27 13:39:00,2.37,1057,577,0,214,156549,2634.3
610,ORD10610,SHOP_B,Robinhood,2025-04-27 13:39:00,4.29,707,1589,1,215,157606,2664.6
452,ORD10452,SHOP_B,LINE_MAN,2025-04-27 13:40:00,3.84,1096,1566,1,216,158313,2679.9
578,ORD10578,SHOP_B,GrabFood,2025-04-27 13:41:00,2.86,533,1437,0,217,159409,2690.6
325,ORD10325,SHOP_B,GrabFood,2025-04-27 13:43:00,1.49,720,1389,1,218,159942,2694.5
575,ORD10575,SHOP_B,Robinhood,2025-04-27 13:43:00,6.79,246,313,0,219,160662,2683.1
877,ORD10877,SHOP_B,Robinhood,2025-04-27 13:43:00,4.41,1070,249,0,220,160908,2706.8
276,ORD10276,SHOP_B,ShopeeFood,2025-04-27 13:46:00,0.9,759,1094,0,221,161978,2728.7
445,ORD10445,SHOP_B,LINE_MAN,2025-04-27 13:46:00,7.97,355,1040,0,222,162737,2735.7
857,ORD10857,SHOP_B,GrabFood,2025-04-27 13:46:00,6.2,882,1291,0,223,163092,2757.1
855,ORD10855,SHOP_B,ShopeeFood,2025-04-27 13:47:00,7.7,794,819,0,224,163974,2758.8
997,ORD10997,SHOP_B,ShopeeFood,2025-04-27 13:47:00,3.87,262,1360,1,225,164768,2775.3
310,ORD10310,SHOP_B,LINE_MAN,2025-04-27 13:49:00,1.28,479,1546,0,226,165030,2783.6
17,ORD10017,SHOP_B,Robinhood,2025-04-27 13:50:00,4.13,959,894,1,227,165509,2794.1
984,ORD10984,SHOP_B,LINE_MAN,2025-04-27 13:50:00,7.15,684,522,0,228,166468,2795.7
240,ORD10240,SHOP_B,Robinhood,2025-04-27 13:53:00,5.64,1094,665,0,229,167152,2819.2
498,ORD10498,SHOP_B,Robinhood,2025-04-27 13:53:00,4.34,1011,402,0,230,168246,2824.9
159,ORD10159,SHOP_B,GrabFood,2025-04-27 13:54:00,3.72,745,1022,0,231,169257,2850.7
169,ORD10169,SHOP_B,Robinhood,2025-04-27 13:54:00,6.68,763,244,0,232,170002,2847.6
411,ORD10411,SHOP_B,ShopeeFood,2025-04-27 13:54:00,1.8,944,1727,0,233,170765,2891.6
828,ORD10828,SHOP_B,GrabFood,2025-04-27 13:55:00,2.08,717,760,0,234,171709,2892.6
614,ORD10614,SHOP_B,ShopeeFood,2025-04-27 13:56:00,4.35,1100,1169,0,235,172426,2907.5
766,ORD10766,SHOP_B,GrabFood,2025-04-27 13:56:00,4.39,644,650,0,236,173526,2913.2
36,ORD10036,SHOP_B,LINE_MAN,2025-04-27 13:58:00,1.47,523,311,1,237,174170,2919.4
947,ORD10947,SHOP_B,GrabFood,2025-04-27 13:58:00,0.74,638,608,1,238,174693,2931.0
1,ORD10001,SHOP_C,Robinhood,2025-04-27 10:05:00,3.86,600,778,1,0,0,21.6
466,ORD10466,SHOP_C,GrabFood,2025-04-27 10:06:00,0.5,948,911,0,1,600,41.1
561,ORD10561,SHOP_C,GrabFood,2025-04-27 10:07:00,1.99,808,1228,0,2,1548,60.7
777,ORD10777,SHOP_C,Robinhood,2025-04-27 10:07:00,3.02,555,1522,0,3,2356,67.7
243,ORD10243,SHOP_C,Robinhood,2025-04-27 10:08:00,5.13,376,1546,1,4,2911,79.0
255,ORD10255,SHOP_C,ShopeeFood,2025-04-27 10:12:00,6.39,275,1516,1,5,3287,80.5
270,ORD10270,SHOP_C,Robinhood,2025-04-27 10:12:00,6.39,698,682,1,6,3562,82.5
344,ORD10344,SHOP_C,LINE_MAN,2025-04-27 10:12:00,4.77,405,936,0,7,4260,90.9
266,ORD10266,SHOP_C,LINE_MAN,2025-04-27 10:13:00,4.56,1199,588,0,8,4665,103.2
501,ORD10501,SHOP_C,LINE_MAN,2025-04-27 10:13:00,4.94,379,438,0,9,5864,112.3
606,ORD10606,SHOP_C,Robinhood,2025-04-27 10:13:00,6.02,548,1582,1,10,6243,141.4
513,ORD10513,SHOP_C,GrabFood,2025-04-27 10:14:00,7.12,1173,1569,1,11,6791,161.9
894,ORD10894,SHOP_C,ShopeeFood,2025-04-27 10:14:00,3.27,874,1788,1,12,7964,175.9
896,ORD10896,SHOP_C,ShopeeFood,2025-04-27 10:14:00,1.68,460,958,1,13,8838,169.0
973,ORD10973,SHOP_C,ShopeeFood,2025-04-27 10:15:00,1.49,572,447,0,14,9298,172.8
641,ORD10641,SHOP_C,GrabFood,2025-04-27 10:16:00,7.8,362,661,0,15,9870,178.9
834,ORD10834,SHOP_C,Robinhood,2025-04-27 10:16:00,3.72,1125,1393,0,16,10232,212.7
131,ORD10131,SHOP_C,ShopeeFood,2025-04-27 10:20:00,2.62,565,839,0,17,11357,207.6
757,ORD10757,SHOP_C,LINE_MAN,2025-04-27 10:20:00,4.69,431,1769,0,18,11922,237.3
293,ORD10293,SHOP_C,GrabFood,2025-04-27 10:22:00,3.76,1076,874,0,19,12353,239.2
544,ORD10544,SHOP_C,ShopeeFood,2025-04-27 10:27:00,1.23,388,1318,1,20,13429,254.1
895,ORD10895,SHOP_C,Robinhood,2025-04-27 10:27:00,3.81,445,837,0,21,13817,251.3
885,ORD10885,SHOP_C,GrabFood,2025-04-27 10:28:00,1.03,497,1325,0,22,14262,269.9
486,ORD10486,SHOP_C,GrabFood,2025-04-27 10:29:00,2.36,593,627,1,23,14759,265.5
863,ORD10863,SHOP_C,ShopeeFood,2025-04-27 10:29:00,5.95,1146,862,0,24,15352,288.6
334,ORD10334,SHOP_C,GrabFood,2025-04-27 10:30:00,1.14,578,1771,1,25,16498,318.8
404,ORD10404,SHOP_C,ShopeeFood,2025-04-27 10:31:00,0.74,1005,819,0,26,17076,312.4
313,ORD10313,SHOP_C,Robinhood,2025-04-27 10:32:00,2.78,383,929,0,27,18081,327.0
708,ORD10708,SHOP_C,ShopeeFood,2025-04-27 10:32:00,5.3,903,670,0,28,18464,325.9
801,ORD10801,SHOP_C,Robinhood,2025-04-27 10:32:00,4.59,745,1326,0,29,19367,360.8
792,ORD10792,SHOP_C,Robinhood,2025-04-27 10:33:00,2.66,306,1102,0,30,20112,358.9
902,ORD10902,SHOP_C,ShopeeFood,2025-04-27 10:34:00,6.36,520,983,1,31,20418,365.7
608,ORD10608,SHOP_C,Robinhood,2025-04-27 10:37:00,0.61,985,1342,0,32,20938,388.7
463,ORD10463,SHOP_C,GrabFood,2025-04-27 10:39:00,4.31,1116,454,0,33,21923,390.6
51,ORD10051,SHOP_C,LINE_MAN,2025-04-27 10:42:00,6.18,1131,1334,1,34,23039,427.1
84,ORD10084,SHOP_C,Robinhood,2025-04-27 10:42:00,1.24,851,1712,0,35,24170,444.5
107,ORD10107,SHOP_C,GrabFood,2025-04-27 10:43:00,4.8,679,994,0,36,25021,441.1
286,ORD10286,SHOP_C,Robinhood,2025-04-27 10:43:00,7.26,597,1368,0,37,25700,463.4
795,ORD10795,SHOP_C,Robinhood,2025-04-27 10:47:00,3.73,1083,1563,0,38,26297,481.6
385,ORD10385,SHOP_C,GrabFood,2025-04-27 10:49:00,1.22,431,1203,0,39,27380,490.9
273,ORD10273,SHOP_C,GrabFood,2025-04-27 10:50:00,3.58,939,322,1,40,27811,481.9
892,ORD10892,SHOP_C,LINE_MAN,2025-04-27 10:51:00,0.72,951,303,0,41,28750,498.3
259,ORD10259,SHOP_C,LINE_MAN,2025-04-27 10:52:00,6.07,726,553,0,42,29701,515.1
869,ORD10869,SHOP_C,Robinhood,2025-04-27 10:54:00,7.77,773,1319,0,43,30427,545.3
261,ORD10261,SHOP_C,ShopeeFood,2025-04-27 10:57:00,2.44,1007,1660,0,44,31200,571.1
372,ORD10372,SHOP_C,Robinhood,2025-04-27 10:57:00,5.44,285,1155,0,45,32207,561.3
365,ORD10365,SHOP_C,GrabFood,2025-04-27 10:58:00,4.83,524,509,1,46,32492,560.2
193,ORD10193,SHOP_C,Robinhood,2025-04-27 10:59:00,5.67,800,860,0,47,33016,576.0
305,ORD10305,SHOP_C,Robinhood,2025-04-27 10:59:00,4.22,942,1763,0,48,33816,610.7
734,ORD10734,SHOP_C,ShopeeFood,2025-04-27 11:00:00,7.63,1138,366,0,49,34758,602.8
837,ORD10837,SHOP_C,GrabFood,2025-04-27 11:00:00,0.68,670,1208,0,50,35896,634.0
301,ORD10301,SHOP_C,GrabFood,2025-04-27 11:01:00,4.44,697,319,1,51,36566,625.1
686,ORD10686,SHOP_C,LINE_MAN,2025-04-27 11:01:00,4.67,397,205,0,52,37263,623.8
868,ORD10868,SHOP_C,LINE_MAN,2025-04-27 11:01:00,4.53,414,199,0,53,37660,634.8
926,ORD10926,SHOP_C,GrabFood,2025-04-27 11:01:00,7.75,582,1632,0,54,38074,675.7
999,ORD10999,SHOP_C,GrabFood,2025-04-27 11:02:00,0.66,906,709,1,55,38656,671.9
3,ORD10003,SHOP_C,LINE_MAN,2025-04-27 11:03:00,1.41,629,762,1,56,39562,685.4
389,ORD10389,SHOP_C,GrabFood,2025-04-27 11:03:00,6.25,1139,369,0,57,40191,694.0
529,ORD10529,SHOP_C,LINE_MAN,2025-04-27 11:04:00,4.15,1166,421,1,58,41330,709.4
384,ORD10384,SHOP_C,GrabFood,2025-04-27 11:07:00,3.32,905,1254,0,59,42496,743.8
386,ORD10386,SHOP_C,ShopeeFood,2025-04-27 11:07:00,0.94,1145,753,0,60,43401,757.3
918,ORD10918,SHOP_C,Robinhood,2025-04-27 11:07:00,7.99,1069,1434,0,61,44546,782.4
370,ORD10370,SHOP_C,GrabFood,2025-04-27 11:10:00,3.08,953,1039,0,62,45615,794.5
322,ORD10322,SHOP_C,GrabFood,2025-04-27 11:12:00,2.32,631,423,0,63,46568,792.6
638,ORD10638,SHOP_C,ShopeeFood,2025-04-27 11:13:00,2.97,841,287,0,64,47199,805.7
534,ORD10534,SHOP_C,GrabFood,2025-04-27 11:14:00,4.73,913,742,0,65,48040,827.4
703,ORD10703,SHOP_C,LINE_MAN,2025-04-27 11:14:00,5.56,1163,340,0,66,48953,838.1
154,ORD10154,SHOP_C,LINE_MAN,2025-04-27 11:17:00,1.57,1019,1328,0,67,50116,870.8
296,ORD10296,SHOP_C,Robinhood,2025-04-27 11:17:00,7.37,1052,1401,0,68,51135,893.3
165,ORD10165,SHOP_C,GrabFood,2025-04-27 11:18:00,7.58,1131,905,0,69,52187,905.0
499,ORD10499,SHOP_C,ShopeeFood,2025-04-27 11:18:00,2.06,665,1492,0,70,53318,929.6
563,ORD10563,SHOP_C,LINE_MAN,2025-04-27 11:18:00,5.41,417,1157,0,71,53983,926.4
347,ORD10347,SHOP_C,LINE_MAN,2025-04-27 11:19:00,2.41,483,1777,1,72,54400,942.8
402,ORD10402,SHOP_C,LINE_MAN,2025-04-27 11:19:00,1.73,1079,278,0,73,54883,941.6
141,ORD10141,SHOP_C,Robinhood,2025-04-27 11:20:00,7.54,994,930,1,74,55962,965.9
339,ORD10339,SHOP_C,Robinhood,2025-04-27 11:20:00,1.96,666,819,1,75,56956,975.8
772,ORD10772,SHOP_C,GrabFood,2025-04-27 11:21:00,1.16,333,620,0,76,57622,977.6
723,ORD10723,SHOP_C,LINE_MAN,2025-04-27 11:23:00,5.67,517,1457,0,77,57955,996.6
256,ORD10256,SHOP_C,GrabFood,2025-04-27 11:24:00,1.91,678,1276,0,78,58472,1011.1
147,ORD10147,SHOP_C,Robinhood,2025-04-27 11:26:00,1.56,413,304,0,79,59150,999.1
901,ORD10901,SHOP_C,GrabFood,2025-04-27 11:26:00,6.58,538,409,0,80,59563,1007.9
967,ORD10967,SHOP_C,Robinhood,2025-04-27 11:26:00,4.43,531,1088,0,81,60101,1028.2
250,ORD10250,SHOP_C,ShopeeFood,2025-04-27 11:29:00,4.84,1183,1407,0,82,60632,1054.7
320,ORD10320,SHOP_C,Robinhood,2025-04-27 11:31:00,4.05,754,728,1,83,61815,1052.4
422,ORD10422,SHOP_C,ShopeeFood,2025-04-27 11:31:00,4.48,343,1209,0,84,62569,1069.9
221,ORD10221,SHOP_C,LINE_MAN,2025-04-27 11:32:00,2.58,1029,1106,0,85,62912,1083.3
559,ORD10559,SHOP_C,GrabFood,2025-04-27 11:32:00,4.85,932,1059,1,86,63941,1097.8
756,ORD10756,SHOP_C,ShopeeFood,2025-04-27 11:32:00,6.75,613,1547,0,87,64873,1119.2
861,ORD10861,SHOP_C,Robinhood,2025-04-27 11:32:00,3.98,943,1436,0,88,65486,1127.1
115,ORD10115,SHOP_C,Robinhood,2025-04-27 11:33:00,5.64,245,348,0,89,66429,1118.0
187,ORD10187,SHOP_C,ShopeeFood,2025-04-27 11:33:00,2.28,1011,340,1,90,66674,1130.2
390,ORD10390,SHOP_C,Robinhood,2025-04-27 11:33:00,6.52,452,1420,0,91,67685,1160.8
268,ORD10268,SHOP_C,LINE_MAN,2025-04-27 11:34:00,3.85,699,1609,0,92,68137,1173.0
755,ORD10755,SHOP_C,GrabFood,2025-04-27 11:34:00,7.76,1004,361,0,93,68836,1170.4
10,ORD10010,SHOP_C,LINE_MAN,2025-04-27 11:39:00,6.32,602,1012,0,94,69840,1192.1
128,ORD10128,SHOP_C,LINE_MAN,2025-04-27 11:39:00,1.52,507,436,0,95,70442,1192.3
206,ORD10206,SHOP_C,ShopeeFood,2025-04-27 11:40:00,5.92,798,1339,1,96,70949,1217.9
762,ORD10762,SHOP_C,ShopeeFood,2025-04-27 11:40:00,7.34,712,846,0,97,71747,1222.8
182,ORD10182,SHOP_C,LINE_MAN,2025-04-27 11:42:00,1.38,447,1421,1,98,72459,1240.2
904,ORD10904,SHOP_C,LINE_MAN,2025-04-27 11:43:00,6.41,768,1047,0,99,72906,1247.9
120,ORD10120,SHOP_C,Robinhood,2025-04-27 11:44:00,7.36,1005,604,0,100,73674,1257.4
693,ORD10693,SHOP_C,ShopeeFood,2025-04-27 11:44:00,1.77,880,556,0,101,74679,1264.1
753,ORD10753,SHOP_C,GrabFood,2025-04-27 11:44:00,2.27,842,1060,0,102,75559,1291.1
93,ORD10093,SHOP_C,LINE_MAN,2025-04-27 11:46:00,6.72,336,402,0,103,76401,1287.8
651,ORD10651,SHOP_C,GrabFood,2025-04-27 11:46:00,7.9,1042,945,1,104,76737,1316.6
68,ORD10068,SHOP_C,ShopeeFood,2025-04-27 11:47:00,4.64,300,1747,0,105,77779,1328.5
674,ORD10674,SHOP_C,GrabFood,2025-04-27 11:48:00,1.64,963,1621,0,106,78079,1347.9
704,ORD10704,SHOP_C,Robinhood,2025-04-27 11:48:00,2.95,870,913,0,107,79042,1348.3
285,ORD10285,SHOP_C,ShopeeFood,2025-04-27 11:49:00,6.2,998,1200,1,108,79912,1370.1
683,ORD10683,SHOP_C,Robinhood,2025-04-27 11:49:00,7.42,962,1514,1,109,80910,1391.3
89,ORD10089,SHOP_C,ShopeeFood,2025-04-27 11:50:00,2.89,629,1497,0,110,81872,1402.4
257,ORD10257,SHOP_C,GrabFood,2025-04-27 11:51:00,6.44,959,1782,0,111,82501,1413.1
851,ORD10851,SHOP_C,Robinhood,2025-04-27 11:51:00,6.84,461,1769,0,112,83460,1428.2
469,ORD10469,SHOP_C,ShopeeFood,2025-04-27 11:52:00,0.51,838,1790,0,113,83921,1442.8
377,ORD10377,SHOP_C,LINE_MAN,2025-04-27 11:54:00,7.9,739,395,0,114,84759,1426.9
487,ORD10487,SHOP_C,GrabFood,2025-04-27 11:54:00,6.36,356,809,0,115,85498,1438.6
880,ORD10880,SHOP_C,LINE_MAN,2025-04-27 11:56:00,1.93,649,903,0,116,85854,1458.5
554,ORD10554,SHOP_C,ShopeeFood,2025-04-27 11:57:00,6.43,529,1206,0,117,86503,1468.7
626,ORD10626,SHOP_C,ShopeeFood,2025-04-27 11:57:00,5.67,750,517,1,118,87032,1473.6
699,ORD10699,SHOP_C,Robinhood,2025-04-27 11:57:00,3.74,1042,240,1,119,87782,1489.2
807,ORD10807,SHOP_C,ShopeeFood,2025-04-27 11:57:00,5.9,658,1127,1,120,88824,1509.2
965,ORD10965,SHOP_C,ShopeeFood,2025-04-27 11:57:00,4.17,587,470,0,121,89482,1510.5
0,ORD10000,SHOP_C,Robinhood,2025-04-27 11:58:00,4.35,371,185,0,122,90069,1508.8
289,ORD10289,SHOP_C,LINE_MAN,2025-04-27 11:58:00,2.26,670,1415,0,123,90440,1537.4
518,ORD10518,SHOP_C,ShopeeFood,2025-04-27 11:59:00,3.71,842,1700,1,124,91110,1561.7
427,ORD10427,SHOP_C,LINE_MAN,2025-04-27 12:00:00,1.92,554,433,0,125,91952,1551.8
718,ORD10718,SHOP_C,GrabFood,2025-04-27 12:00:00,5.71,382,1508,0,126,92506,1571.1
843,ORD10843,SHOP_C,ShopeeFood,2025-04-27 12:00:00,3.07,280,1151,0,127,92888,1572.8
537,ORD10537,SHOP_C,ShopeeFood,2025-04-27 12:01:00,3.17,282,1789,1,128,93168,1585.5
483,ORD10483,SHOP_C,GrabFood,2025-04-27 12:02:00,3.65,368,1488,1,129,93450,1592.3
639,ORD10639,SHOP_C,ShopeeFood,2025-04-27 12:04:00,7.51,1062,338,0,130,93818,1588.5
42,ORD10042,SHOP_C,ShopeeFood,2025-04-27 12:05:00,4.28,837,196,0,131,94880,1596.0
125,ORD10125,SHOP_C,Robinhood,2025-04-27 12:05:00,0.74,519,900,0,132,95717,1616.2
211,ORD10211,SHOP_C,LINE_MAN,2025-04-27 12:05:00,7.65,661,1063,0,133,96236,1633.5
903,ORD10903,SHOP_C,Robinhood,2025-04-27 12:05:00,4.47,460,1469,0,134,96897,1648.7
290,ORD10290,SHOP_C,ShopeeFood,2025-04-27 12:08:00,5.9,252,1332,0,135,97357,1646.7
368,ORD10368,SHOP_C,LINE_MAN,2025-04-27 12:08:00,6.85,327,1668,0,136,97609,1655.6
281,ORD10281,SHOP_C,ShopeeFood,2025-04-27 12:09:00,6.81,852,1579,0,137,97936,1673.8
849,ORD10849,SHOP_C,GrabFood,2025-04-27 12:10:00,7.74,878,576,1,138,98788,1669.7
504,ORD10504,SHOP_C,GrabFood,2025-04-27 12:11:00,5.43,275,1168,1,139,99666,1687.0
764,ORD10764,SHOP_C,ShopeeFood,2025-04-27 12:12:00,4.79,907,1418,1,140,99941,1706.0
779,ORD10779,SHOP_C,ShopeeFood,2025-04-27 12:12:00,4.13,811,940,0,141,100848,1707.8
356,ORD10356,SHOP_C,Robinhood,2025-04-27 12:13:00,0.71,421,572,1,142,101659,1703.1
742,ORD10742,SHOP_C,GrabFood,2025-04-27 12:13:00,6.37,349,680,1,143,102080,1715.7
173,ORD10173,SHOP_C,LINE_MAN,2025-04-27 12:14:00,1.71,632,928,0,144,102429,1732.8
185,ORD10185,SHOP_C,LINE_MAN,2025-04-27 12:15:00,7.87,348,1485,0,145,103061,1751.9
413,ORD10413,SHOP_C,Robinhood,2025-04-27 12:16:00,6.66,653,680,0,146,103409,1746.7
872,ORD10872,SHOP_C,ShopeeFood,2025-04-27 12:17:00,0.89,1060,423,0,147,104062,1757.8
565,ORD10565,SHOP_C,ShopeeFood,2025-04-27 12:18:00,5.75,843,194,0,148,105122,1770.2
914,ORD10914,SHOP_C,ShopeeFood,2025-04-27 12:18:00,6.75,734,867,1,149,105965,1789.9
652,ORD10652,SHOP_C,GrabFood,2025-04-27 12:20:00,7.48,524,1593,0,150,106699,1812.6
45,ORD10045,SHOP_C,ShopeeFood,2025-04-27 12:21:00,3.74,543,573,0,151,107223,1805.6
477,ORD10477,SHOP_C,LINE_MAN,2025-04-27 12:22:00,3.44,1165,893,0,152,107766,1831.1
986,ORD10986,SHOP_C,LINE_MAN,2025-04-27 12:22:00,3.52,598,184,0,153,108931,1827.5
587,ORD10587,SHOP_C,GrabFood,2025-04-27 12:23:00,4.82,300,1505,0,154,109529,1856.4
81,ORD10081,SHOP_C,LINE_MAN,2025-04-27 12:25:00,2.59,877,745,0,155,109829,1863.8
804,ORD10804,SHOP_C,ShopeeFood,2025-04-27 12:28:00,2.9,310,841,0,156,110706,1861.2
937,ORD10937,SHOP_C,Robinhood,2025-04-27 12:29:00,1.2,676,833,0,157,111016,1875.9
619,ORD10619,SHOP_C,LINE_MAN,2025-04-27 12:31:00,0.68,487,649,1,158,111692,1879.9
874,ORD10874,SHOP_C,LINE_MAN,2025-04-27 12:31:00,4.12,729,1765,0,159,112179,1910.1
988,ORD10988,SHOP_C,LINE_MAN,2025-04-27 12:31:00,6.04,1052,942,1,160,112908,1915.2
175,ORD10175,SHOP_C,GrabFood,2025-04-27 12:32:00,6.6,724,548,0,161,113960,1919.8
392,ORD10392,SHOP_C,ShopeeFood,2025-04-27 12:32:00,7.64,752,1451,0,162,114684,1945.8
586,ORD10586,SHOP_C,GrabFood,2025-04-27 12:33:00,5.36,1040,1116,0,163,115436,1957.3
678,ORD10678,SHOP_C,GrabFood,2025-04-27 12:34:00,4.04,529,898,0,164,116476,1958.4
509,ORD10509,SHOP_C,LINE_MAN,2025-04-27 12:37:00,5.5,748,530,1,165,117005,1970.8
981,ORD10981,SHOP_C,ShopeeFood,2025-04-27 12:37:00,4.87,630,1298,0,166,117753,1990.4
345,ORD10345,SHOP_C,ShopeeFood,2025-04-27 12:39:00,7.83,742,1539,0,167,118383,2010.7
542,ORD10542,SHOP_C,LINE_MAN,2025-04-27 12:40:00,4.38,1176,629,0,168,119125,2017.1
75,ORD10075,SHOP_C,Robinhood,2025-04-27 12:41:00,2.01,412,1174,0,169,120301,2027.4
459,ORD10459,SHOP_C,LINE_MAN,2025-04-27 12:43:00,2.1,310,928,0,170,120713,2030.9
871,ORD10871,SHOP_C,GrabFood,2025-04-27 12:44:00,6.34,252,1083,1,171,121023,2043.2
521,ORD10521,SHOP_C,Robinhood,2025-04-27 12:47:00,2.35,689,879,0,172,121275,2047.1
502,ORD10502,SHOP_C,Robinhood,2025-04-27 12:48:00,6.51,723,1577,0,173,121964,2072.2
13,ORD10013,SHOP_C,GrabFood,2025-04-27 12:50:00,3.67,1130,1757,1,174,122687,2088.1
642,ORD10642,SHOP_C,LINE_MAN,2025-04-27 12:51:00,2.13,1126,1508,0,175,123817,2109.6
515,ORD10515,SHOP_C,GrabFood,2025-04-27 12:52:00,4.38,961,759,0,176,124943,2112.1
908,ORD10908,SHOP_C,LINE_MAN,2025-04-27 12:53:00,3.43,1008,380,0,177,125904,2118.7
398,ORD10398,SHOP_C,ShopeeFood,2025-04-27 12:54:00,5.82,571,1685,0,178,126912,2154.6
706,ORD10706,SHOP_C,LINE_MAN,2025-04-27 12:54:00,0.54,792,1198,0,179,127483,2152.2
579,ORD10579,SHOP_C,GrabFood,2025-04-27 12:56:00,5.11,901,1635,0,180,128275,2181.9
980,ORD10980,SHOP_C,GrabFood,2025-04-27 12:56:00,4.99,1070,837,0,181,129176,2182.1
210,ORD10210,SHOP_C,ShopeeFood,2025-04-27 13:00:00,4.67,421,191,0,182,130246,2181.1
326,ORD10326,SHOP_C,Robinhood,2025-04-27 13:00:00,6.11,346,817,0,183,130667,2197.9
229,ORD10229,SHOP_C,GrabFood,2025-04-27 13:01:00,5.07,1082,846,1,184,131013,2216.9
405,ORD10405,SHOP_C,GrabFood,2025-04-27 13:01:00,0.86,542,916,0,185,132095,2226.3
146,ORD10146,SHOP_C,Robinhood,2025-04-27 13:03:00,6.51,609,436,0,186,132637,2228.1
46,ORD10046,SHOP_C,Robinhood,2025-04-27 13:04:00,7.24,768,1760,1,187,133246,2262.2
100,ORD10100,SHOP_C,GrabFood,2025-04-27 13:04:00,3.81,1095,1654,0,188,134014,2279.4
730,ORD10730,SHOP_C,LINE_MAN,2025-04-27 13:04:00,1.83,270,1641,1,189,135109,2290.3
311,ORD10311,SHOP_C,GrabFood,2025-04-27 13:08:00,4.0,358,1471,0,190,135379,2284.6
632,ORD10632,SHOP_C,LINE_MAN,2025-04-27 13:08:00,7.2,326,239,0,191,135737,2267.2
2,ORD10002,SHOP_C,LINE_MAN,2025-04-27 13:10:00,5.0,388,600,0,192,136063,2279.8
841,ORD10841,SHOP_C,Robinhood,2025-04-27 13:11:00,6.23,790,622,0,193,136451,2296.6
387,ORD10387,SHOP_C,LINE_MAN,2025-04-27 13:14:00,3.67,586,898,0,194,137241,2310.9
827,ORD10827,SHOP_C,Robinhood,2025-04-27 13:16:00,1.77,510,1072,0,195,137827,2325.8
362,ORD10362,SHOP_C,LINE_MAN,2025-04-27 13:17:00,2.16,764,1328,0,196,138337,2347.2
910,ORD10910,SHOP_C,LINE_MAN,2025-04-27 13:17:00,3.76,446,1426,0,197,139101,2356.1
428,ORD10428,SHOP_C,Robinhood,2025-04-27 13:19:00,3.75,691,1772,0,198,139547,2366.5
616,ORD10616,SHOP_C,GrabFood,2025-04-27 13:21:00,2.42,1024,1315,0,199,140238,2376.7
979,ORD10979,SHOP_C,GrabFood,2025-04-27 13:21:00,5.86,258,445,0,200,141262,2370.8
40,ORD10040,SHOP_C,Robinhood,2025-04-27 13:22:00,6.98,493,510,0,201,141520,2373.8
943,ORD10943,SHOP_C,GrabFood,2025-04-27 13:25:00,5.11,624,1563,0,202,142013,2413.7
14,ORD10014,SHOP_C,LINE_MAN,2025-04-27 13:26:00,5.98,352,1195,1,203,142637,2398.6
710,ORD10710,SHOP_C,Robinhood,2025-04-27 13:26:00,7.45,1016,240,0,204,142989,2402.7
383,ORD10383,SHOP_C,ShopeeFood,2025-04-27 13:27:00,5.98,383,1579,0,205,144005,2430.9
776,ORD10776,SHOP_C,GrabFood,2025-04-27 13:28:00,1.2,570,943,1,206,144388,2432.2
665,ORD10665,SHOP_C,LINE_MAN,2025-04-27 13:29:00,2.05,1002,1169,0,207,144958,2460.7
644,ORD10644,SHOP_C,Robinhood,2025-04-27 13:30:00,2.23,912,604,0,208,145960,2461.3
953,ORD10953,SHOP_C,Robinhood,2025-04-27 13:30:00,5.72,455,904,1,209,146872,2469.8
858,ORD10858,SHOP_C,GrabFood,2025-04-27 13:31:00,5.97,278,854,0,210,147327,2479.3
394,ORD10394,SHOP_C,LINE_MAN,2025-04-27 13:32:00,4.02,959,272,0,211,147605,2482.2
621,ORD10621,SHOP_C,ShopeeFood,2025-04-27 13:32:00,6.57,606,1446,0,212,148564,2511.4
670,ORD10670,SHOP_C,LINE_MAN,2025-04-27 13:32:00,6.19,635,881,0,213,149170,2511.0
698,ORD10698,SHOP_C,LINE_MAN,2025-04-27 13:32:00,6.55,556,276,0,214,149805,2506.7
942,ORD10942,SHOP_C,ShopeeFood,2025-04-27 13:32:00,4.1,659,951,0,215,150361,2534.3
104,ORD10104,SHOP_C,LINE_MAN,2025-04-27 13:33:00,6.31,319,1080,0,216,151020,2537.6
593,ORD10593,SHOP_C,GrabFood,2025-04-27 13:33:00,1.43,410,193,1,217,151339,2529.8
596,ORD10596,SHOP_C,GrabFood,2025-04-27 13:33:00,1.26,819,966,0,218,151749,2562.3
137,ORD10137,SHOP_C,Robinhood,2025-04-27 13:35:00,0.89,806,1083,1,219,152568,2571.2
583,ORD10583,SHOP_C,Robinhood,2025-04-27 13:35:00,3.29,797,988,0,220,153374,2582.8
977,ORD10977,SHOP_C,ShopeeFood,2025-04-27 13:35:00,2.99,807,759,0,221,154171,2596.4
511,ORD10511,SHOP_C,LINE_MAN,2025-04-27 13:36:00,3.45,544,486,0,222,154978,2599.7
810,ORD10810,SHOP_C,GrabFood,2025-04-27 13:37:00,0.77,922,690,1,223,155522,2620.7
473,ORD10473,SHOP_C,LINE_MAN,2025-04-27 13:38:00,4.56,428,1573,0,224,156444,2637.5
204,ORD10204,SHOP_C,Robinhood,2025-04-27 13:43:00,4.8,983,1420,0,225,156872,2654.3
922,ORD10922,SHOP_C,Robinhood,2025-04-27 13:44:00,4.02,530,1065,0,226,157855,2655.7
64,ORD10064,SHOP_C,ShopeeFood,2025-04-27 13:45:00,4.54,786,434,0,227,158385,2659.0
737,ORD10737,SHOP_C,GrabFood,2025-04-27 13:45:00,4.35,683,1375,1,228,159171,2692.0
73,ORD10073,SHOP_C,Robinhood,2025-04-27 13:46:00,7.53,945,1332,0,229,159854,2701.0
592,ORD10592,SHOP_C,ShopeeFood,2025-04-27 13:46:00,7.7,1026,386,0,230,160799,2706.6
682,ORD10682,SHOP_C,LINE_MAN,2025-04-27 13:47:00,5.66,795,1263,1,231,161825,2726.2
346,ORD10346,SHOP_C,GrabFood,2025-04-27 13:49:00,3.83,1165,456,0,232,162620,2739.2
181,ORD10181,SHOP_C,LINE_MAN,2025-04-27 13:50:00,7.98,266,294,0,233,163785,2739.9
291,ORD10291,SHOP_C,LINE_MAN,2025-04-27 13:52:00,5.83,523,1253,0,234,164051,2763.6
420,ORD10420,SHOP_C,GrabFood,2025-04-27 13:52:00,4.69,685,1760,0,235,164574,2786.1
94,ORD10094,SHOP_C,LINE_MAN,2025-04-27 13:54:00,6.02,333,521,0,236,165259,2774.7
317,ORD10317,SHOP_C,GrabFood,2025-04-27 13:54:00,2.18,280,1094,1,237,165592,2785.1
134,ORD10134,SHOP_C,GrabFood,2025-04-27 13:55:00,4.6,1055,1404,0,238,165872,2811.5
754,ORD10754,SHOP_C,ShopeeFood,2025-04-27 13:55:00,4.89,764,951,0,239,166927,2808.7
424,ORD10424,SHOP_C,Robinhood,2025-04-27 13:56:00,1.6,387,1492,0,240,167691,2819.2
457,ORD10457,SHOP_D,GrabFood,2025-04-27 10:01:00,7.28,1144,399,1,0,0,26.6
726,ORD10726,SHOP_D,GrabFood,2025-04-27 10:01:00,1.41,1195,441,0,1,1144,49.3
421,ORD10421,SHOP_D,GrabFood,2025-04-27 10:02:00,2.24,835,1655,0,2,2339,86.3
543,ORD10543,SHOP_D,Robinhood,2025-04-27 10:02:00,6.66,396,1284,1,3,3174,79.7
7,ORD10007,SHOP_D,GrabFood,2025-04-27 10:03:00,7.23,929,258,0,4,3570,80.7
408,ORD10408,SHOP_D,Robinhood,2025-04-27 10:03:00,5.06,979,905,0,5,4499,111.3
681,ORD10681,SHOP_D,LINE_MAN,2025-04-27 10:03:00,6.76,319,1592,0,6,5478,125.6
934,ORD10934,SHOP_D,Robinhood,2025-04-27 10:04:00,2.11,256,1591,1,7,5797,122.1
538,ORD10538,SHOP_D,GrabFood,2025-04-27 10:05:00,2.95,1170,1222,0,8,6053,140.0
956,ORD10956,SHOP_D,LINE_MAN,2025-04-27 10:05:00,7.75,581,1178,0,9,7223,151.9
228,ORD10228,SHOP_D,ShopeeFood,2025-04-27 10:06:00,5.55,977,331,0,10,7804,152.3
512,ORD10512,SHOP_D,GrabFood,2025-04-27 10:06:00,4.94,428,541,0,11,8781,164.7
121,ORD10121,SHOP_D,LINE_MAN,2025-04-27 10:07:00,6.0,755,377,0,12,9209,172.4
431,ORD10431,SHOP_D,LINE_MAN,2025-04-27 10:07:00,3.7,1155,449,0,13,9964,193.0
819,ORD10819,SHOP_D,GrabFood,2025-04-27 10:07:00,3.97,989,1420,1,14,11119,226.8
47,ORD10047,SHOP_D,Robinhood,2025-04-27 10:08:00,2.43,271,417,0,15,12108,212.3
488,ORD10488,SHOP_D,Robinhood,2025-04-27 10:08:00,3.12,550,865,1,16,12379,229.3
332,ORD10332,SHOP_D,Robinhood,2025-04-27 10:11:00,4.99,811,1273,0,17,12929,250.8
331,ORD10331,SHOP_D,ShopeeFood,2025-04-27 10:15:00,7.85,936,1273,0,18,13740,264.3
245,ORD10245,SHOP_D,GrabFood,2025-04-27 10:17:00,0.91,827,438,0,19,14676,262.6
264,ORD10264,SHOP_D,Robinhood,2025-04-27 10:17:00,7.79,1164,1798,0,20,15503,307.4
602,ORD10602,SHOP_D,Robinhood,2025-04-27 10:19:00,5.78,834,678,0,21,16667,300.8
149,ORD10149,SHOP_D,ShopeeFood,2025-04-27 10:20:00,1.72,1143,1144,0,22,17501,326.5
31,ORD10031,SHOP_D,LINE_MAN,2025-04-27 10:22:00,5.47,512,599,0,23,18644,331.9
739,ORD10739,SHOP_D,LINE_MAN,2025-04-27 10:22:00,6.5,460,1603,0,24,19156,351.1
151,ORD10151,SHOP_D,GrabFood,2025-04-27 10:24:00,6.76,439,373,1,25,19616,342.8
395,ORD10395,SHOP_D,ShopeeFood,2025-04-27 10:24:00,4.23,1109,1297,0,26,20055,373.8
160,ORD10160,SHOP_D,GrabFood,2025-04-27 10:25:00,5.78,1134,1754,0,27,21164,400.9
315,ORD10315,SHOP_D,ShopeeFood,2025-04-27 10:25:00,5.18,484,671,0,28,22298,393.7
938,ORD10938,SHOP_D,ShopeeFood,2025-04-27 10:25:00,7.31,535,1643,1,29,22782,412.4
238,ORD10238,SHOP_D,LINE_MAN,2025-04-27 10:26:00,3.95,535,1325,1,30,23317,418.8
140,ORD10140,SHOP_D,GrabFood,2025-04-27 10:28:00,5.19,486,332,0,31,23852,414.7
847,ORD10847,SHOP_D,ShopeeFood,2025-04-27 10:28:00,7.23,639,1486,0,32,24338,442.9
25,ORD10025,SHOP_D,LINE_MAN,2025-04-27 10:29:00,0.79,643,801,0,33,24977,441.5
916,ORD10916,SHOP_D,LINE_MAN,2025-04-27 10:29:00,7.33,326,1413,0,34,25620,451.7
272,ORD10272,SHOP_D,ShopeeFood,2025-04-27 10:30:00,0.89,896,1382,0,35,25946,461.6
864,ORD10864,SHOP_D,LINE_MAN,2025-04-27 10:30:00,3.87,293,1486,1,36,26842,475.2
244,ORD10244,SHOP_D,LINE_MAN,2025-04-27 10:31:00,7.5,627,373,0,37,27135,468.1
725,ORD10725,SHOP_D,Robinhood,2025-04-27 10:31:00,5.45,822,416,0,38,27762,485.9
485,ORD10485,SHOP_D,Robinhood,2025-04-27 10:33:00,4.4,384,1633,0,39,28584,510.0
558,ORD10558,SHOP_D,GrabFood,2025-04-27 10:33:00,3.45,619,502,0,40,28968,508.6
166,ORD10166,SHOP_D,LINE_MAN,2025-04-27 10:38:00,5.48,519,729,0,41,29587,518.0
442,ORD10442,SHOP_D,Robinhood,2025-04-27 10:39:00,0.73,665,616,1,42,30106,526.4
836,ORD10836,SHOP_D,GrabFood,2025-04-27 10:39:00,1.53,1020,1677,0,43,30771,557.2
321,ORD10321,SHOP_D,LINE_MAN,2025-04-27 10:40:00,2.38,1158,825,0,44,31791,562.7
378,ORD10378,SHOP_D,GrabFood,2025-04-27 10:40:00,6.93,1049,409,1,45,32949,569.1
684,ORD10684,SHOP_D,GrabFood,2025-04-27 10:40:00,5.06,608,542,0,46,33998,584.0
18,ORD10018,SHOP_D,ShopeeFood,2025-04-27 10:41:00,3.36,1107,437,0,47,34606,604.8
410,ORD10410,SHOP_D,ShopeeFood,2025-04-27 10:41:00,4.92,520,965,1,48,35713,618.4
613,ORD10613,SHOP_D,ShopeeFood,2025-04-27 10:43:00,5.26,474,1736,1,49,36233,639.8
952,ORD10952,SHOP_D,Robinhood,2025-04-27 10:43:00,2.42,920,831,0,50,36707,636.3
736,ORD10736,SHOP_D,ShopeeFood,2025-04-27 10:44:00,2.3,871,1349,0,51,37627,664.8
282,ORD10282,SHOP_D,LINE_MAN,2025-04-27 10:46:00,6.17,469,477,1,52,38498,659.5
62,ORD10062,SHOP_D,Robinhood,2025-04-27 10:47:00,4.9,734,539,0,53,38967,662.5
794,ORD10794,SHOP_D,LINE_MAN,2025-04-27 10:48:00,5.45,759,229,0,54,39701,680.5
304,ORD10304,SHOP_D,GrabFood,2025-04-27 10:49:00,7.28,586,1729,0,55,40460,707.8
348,ORD10348,SHOP_D,GrabFood,2025-04-27 10:49:00,2.61,1042,375,0,56,41046,706.6
418,ORD10418,SHOP_D,GrabFood,2025-04-27 10:50:00,1.23,469,1770,1,57,42088,737.8
814,ORD10814,SHOP_D,Robinhood,2025-04-27 10:52:00,2.72,1135,1714,0,58,42557,753.2
985,ORD10985,SHOP_D,GrabFood,2025-04-27 10:54:00,2.78,319,1615,0,59,43692,760.6
496,ORD10496,SHOP_D,ShopeeFood,2025-04-27 10:55:00,7.64,900,736,0,60,44011,758.4
588,ORD10588,SHOP_D,Robinhood,2025-04-27 10:56:00,5.74,342,1751,0,61,44911,783.6
643,ORD10643,SHOP_D,ShopeeFood,2025-04-27 10:57:00,5.4,555,270,0,62,45253,764.8
823,ORD10823,SHOP_D,Robinhood,2025-04-27 10:57:00,2.33,1101,1728,0,63,45808,811.0
724,ORD10724,SHOP_D,LINE_MAN,2025-04-27 10:58:00,2.87,687,1542,1,64,46909,817.3
830,ORD10830,SHOP_D,ShopeeFood,2025-04-27 10:59:00,6.07,1074,902,0,65,47596,823.4
883,ORD10883,SHOP_D,GrabFood,2025-04-27 10:59:00,4.63,1015,712,1,66,48670,841.1
297,ORD10297,SHOP_D,LINE_MAN,2025-04-27 11:00:00,3.14,482,1298,1,67,49685,854.7
298,ORD10298,SHOP_D,GrabFood,2025-04-27 11:01:00,3.23,718,1213,0,68,50167,872.4
867,ORD10867,SHOP_D,ShopeeFood,2025-04-27 11:01:00,2.43,760,973,0,69,50885,879.2
909,ORD10909,SHOP_D,LINE_MAN,2025-04-27 11:01:00,0.56,989,973,0,70,51645,900.3
194,ORD10194,SHOP_D,Robinhood,2025-04-27 11:06:00,3.27,1162,1724,0,71,52634,928.7
177,ORD10177,SHOP_D,Robinhood,2025-04-27 11:10:00,7.65,1060,1655,0,72,53796,941.9
850,ORD10850,SHOP_D,LINE_MAN,2025-04-27 11:10:00,5.3,1076,609,0,73,54856,943.6
265,ORD10265,SHOP_D,ShopeeFood,2025-04-27 11:11:00,7.81,369,765,0,74,55932,945.3
98,ORD10098,SHOP_D,Robinhood,2025-04-27 11:12:00,4.29,312,1004,1,75,56301,954.9
751,ORD10751,SHOP_D,ShopeeFood,2025-04-27 11:13:00,2.28,837,345,1,76,56613,961.2
817,ORD10817,SHOP_D,Robinhood,2025-04-27 11:13:00,4.83,369,1152,0,77,57450,986.3
132,ORD10132,SHOP_D,LINE_MAN,2025-04-27 11:15:00,3.21,405,1196,0,78,57819,987.1
968,ORD10968,SHOP_D,Robinhood,2025-04-27 11:15:00,0.93,718,1435,0,79,58224,1011.4
775,ORD10775,SHOP_D,GrabFood,2025-04-27 11:17:00,3.08,338,1446,0,80,58942,1013.9
351,ORD10351,SHOP_D,LINE_MAN,2025-04-27 11:18:00,1.72,402,1763,1,81,59280,1025.3
787,ORD10787,SHOP_D,GrabFood,2025-04-27 11:18:00,7.77,874,212,0,82,59682,1012.8
102,ORD10102,SHOP_D,Robinhood,2025-04-27 11:24:00,5.53,844,1405,1,83,60556,1046.7
306,ORD10306,SHOP_D,LINE_MAN,2025-04-27 11:25:00,5.0,1140,1316,1,84,61400,1065.9
654,ORD10654,SHOP_D,LINE_MAN,2025-04-27 11:25:00,4.23,1175,1795,1,85,62540,1094.9
856,ORD10856,SHOP_D,GrabFood,2025-04-27 11:26:00,3.44,823,1581,0,86,63715,1105.4
707,ORD10707,SHOP_D,Robinhood,2025-04-27 11:27:00,6.95,1006,329,1,87,64538,1098.4
158,ORD10158,SHOP_D,LINE_MAN,2025-04-27 11:28:00,5.93,884,1019,1,88,65544,1128.6
237,ORD10237,SHOP_D,Robinhood,2025-04-27 11:29:00,4.78,865,640,0,89,66428,1136.8
572,ORD10572,SHOP_D,LINE_MAN,2025-04-27 11:30:00,7.06,629,766,0,90,67293,1142.8
870,ORD10870,SHOP_D,GrabFood,2025-04-27 11:30:00,4.75,1024,596,0,91,67922,1164.3
694,ORD10694,SHOP_D,ShopeeFood,2025-04-27 11:32:00,5.74,900,1363,0,92,68946,1183.1
541,ORD10541,SHOP_D,ShopeeFood,2025-04-27 11:34:00,2.77,431,206,1,93,69846,1172.2
631,ORD10631,SHOP_D,Robinhood,2025-04-27 11:40:00,4.23,387,1575,0,94,70277,1205.8
713,ORD10713,SHOP_D,LINE_MAN,2025-04-27 11:40:00,1.96,521,368,0,95,70664,1193.2
958,ORD10958,SHOP_D,ShopeeFood,2025-04-27 11:41:00,7.3,662,1350,0,96,71185,1228.3
508,ORD10508,SHOP_D,Robinhood,2025-04-27 11:43:00,6.83,980,957,0,97,71847,1231.7
585,ORD10585,SHOP_D,Robinhood,2025-04-27 11:43:00,6.04,986,521,0,98,72827,1236.0
78,ORD10078,SHOP_D,LINE_MAN,2025-04-27 11:48:00,4.11,982,1170,1,99,73813,1271.2
480,ORD10480,SHOP_D,Robinhood,2025-04-27 11:48:00,1.97,518,714,0,100,74795,1269.2
954,ORD10954,SHOP_D,LINE_MAN,2025-04-27 11:50:00,1.32,1125,1177,0,101,75313,1286.1
479,ORD10479,SHOP_D,GrabFood,2025-04-27 11:51:00,2.38,1199,823,1,102,76438,1310.7
197,ORD10197,SHOP_D,Robinhood,2025-04-27 11:52:00,3.6,394,1490,0,103,77637,1329.3
403,ORD10403,SHOP_D,LINE_MAN,2025-04-27 11:52:00,3.02,662,869,1,104,78031,1325.2
435,ORD10435,SHOP_D,ShopeeFood,2025-04-27 11:52:00,4.88,470,1486,0,105,78693,1343.5
324,ORD10324,SHOP_D,Robinhood,2025-04-27 11:53:00,3.67,416,653,0,106,79163,1332.8
441,ORD10441,SHOP_D,GrabFood,2025-04-27 11:53:00,5.53,614,1045,0,107,79579,1355.4
566,ORD10566,SHOP_D,GrabFood,2025-04-27 11:53:00,0.66,669,854,0,108,80193,1364.9
489,ORD10489,SHOP_D,LINE_MAN,2025-04-27 11:54:00,2.87,642,1111,1,109,80862,1381.4
550,ORD10550,SHOP_D,Robinhood,2025-04-27 11:54:00,2.66,399,1282,0,110,81504,1386.0
663,ORD10663,SHOP_D,ShopeeFood,2025-04-27 11:55:00,5.68,462,1248,0,111,81903,1395.0
853,ORD10853,SHOP_D,Robinhood,2025-04-27 11:57:00,2.68,1097,732,0,112,82365,1399.2
103,ORD10103,SHOP_D,LINE_MAN,2025-04-27 11:58:00,5.82,1151,503,0,113,83462,1415.8
127,ORD10127,SHOP_D,ShopeeFood,2025-04-27 11:58:00,4.82,866,1240,0,114,84613,1447.5
246,ORD10246,SHOP_D,LINE_MAN,2025-04-27 11:59:00,5.54,541,1513,0,115,85479,1456.0
605,ORD10605,SHOP_D,Robinhood,2025-04-27 12:02:00,7.91,867,455,0,116,86020,1459.9
657,ORD10657,SHOP_D,LINE_MAN,2025-04-27 12:02:00,6.23,1063,1333,0,117,86887,1482.0
225,ORD10225,SHOP_D,Robinhood,2025-04-27 12:03:00,4.97,352,929,0,118,87950,1484.1
949,ORD10949,SHOP_D,ShopeeFood,2025-04-27 12:03:00,6.08,557,1527,0,119,88302,1504.8
88,ORD10088,SHOP_D,Robinhood,2025-04-27 12:04:00,6.11,623,576,1,120,88859,1505.0
39,ORD10039,SHOP_D,LINE_MAN,2025-04-27 12:05:00,3.33,734,430,1,121,89482,1512.0
636,ORD10636,SHOP_D,ShopeeFood,2025-04-27 12:07:00,5.37,766,447,1,122,90216,1521.5
667,ORD10667,SHOP_D,Robinhood,2025-04-27 12:07:00,7.45,1196,1553,0,123,90982,1562.0
690,ORD10690,SHOP_D,LINE_MAN,2025-04-27 12:07:00,3.39,554,626,0,124,92178,1555.5
330,ORD10330,SHOP_D,ShopeeFood,2025-04-27 12:08:00,2.46,468,1360,0,125,92732,1573.4
978,ORD10978,SHOP_D,ShopeeFood,2025-04-27 12:08:00,7.45,1148,1111,0,126,93200,1587.4
434,ORD10434,SHOP_D,LINE_MAN,2025-04-27 12:09:00,3.55,509,1294,0,127,94348,1595.7
382,ORD10382,SHOP_D,LINE_MAN,2025-04-27 12:10:00,6.96,890,497,0,128,94857,1608.1
516,ORD10516,SHOP_D,LINE_MAN,2025-04-27 12:11:00,6.12,659,1427,0,129,95747,1626.4
355,ORD10355,SHOP_D,Robinhood,2025-04-27 12:13:00,3.48,674,1425,1,130,96406,1633.9
749,ORD10749,SHOP_D,ShopeeFood,2025-04-27 12:13:00,2.63,479,951,0,131,97080,1644.0
876,ORD10876,SHOP_D,ShopeeFood,2025-04-27 12:14:00,4.68,997,1139,0,132,97559,1663.2
329,ORD10329,SHOP_D,LINE_MAN,2025-04-27 12:15:00,5.08,529,220,1,133,98556,1653.4
824,ORD10824,SHOP_D,ShopeeFood,2025-04-27 12:16:00,7.54,1195,1120,0,134,99085,1687.1
591,ORD10591,SHOP_D,LINE_MAN,2025-04-27 12:19:00,5.54,476,1558,0,135,100280,1708.0
274,ORD10274,SHOP_D,ShopeeFood,2025-04-27 12:20:00,5.37,300,852,0,136,100756,1698.5
374,ORD10374,SHOP_D,ShopeeFood,2025-04-27 12:20:00,7.67,1077,1138,0,137,101056,1729.5
983,ORD10983,SHOP_D,GrabFood,2025-04-27 12:23:00,5.87,498,1536,0,138,102133,1734.4
455,ORD10455,SHOP_D,LINE_MAN,2025-04-27 12:25:00,1.87,719,652,1,139,102631,1735.3
528,ORD10528,SHOP_D,Robinhood,2025-04-27 12:27:00,3.64,563,1430,0,140,103350,1756.4
556,ORD10556,SHOP_D,ShopeeFood,2025-04-27 12:27:00,4.01,843,945,0,141,103913,1762.9
893,ORD10893,SHOP_D,Robinhood,2025-04-27 12:27:00,6.93,685,350,1,142,104756,1762.0
400,ORD10400,SHOP_D,LINE_MAN,2025-04-27 12:29:00,5.12,248,1689,0,143,105441,1791.7
30,ORD10030,SHOP_D,LINE_MAN,2025-04-27 12:30:00,0.53,1017,843,0,144,105689,1794.0
467,ORD10467,SHOP_D,ShopeeFood,2025-04-27 12:33:00,0.64,570,1076,0,145,106706,1804.4
666,ORD10666,SHOP_D,LINE_MAN,2025-04-27 12:34:00,6.37,708,1522,0,146,107276,1824.0
716,ORD10716,SHOP_D,LINE_MAN,2025-04-27 12:34:00,2.87,909,1211,0,147,107984,1834.5
67,ORD10067,SHOP_D,LINE_MAN,2025-04-27 12:36:00,4.71,1112,1318,1,148,108893,1853.9
771,ORD10771,SHOP_D,GrabFood,2025-04-27 12:36:00,5.32,1113,1347,0,149,110005,1874.4
557,ORD10557,SHOP_D,Robinhood,2025-04-27 12:37:00,6.02,436,1020,0,150,111118,1877.3
628,ORD10628,SHOP_D,LINE_MAN,2025-04-27 12:38:00,1.33,654,1382,0,151,111554,1896.5
951,ORD10951,SHOP_D,Robinhood,2025-04-27 12:38:00,3.52,861,1320,1,152,112208,1902.0
388,ORD10388,SHOP_D,Robinhood,2025-04-27 12:39:00,4.76,662,618,0,153,113069,1904.4
492,ORD10492,SHOP_D,GrabFood,2025-04-27 12:39:00,1.74,383,1755,0,154,113731,1928.8
618,ORD10618,SHOP_D,LINE_MAN,2025-04-27 12:39:00,6.23,531,1081,0,155,114114,1923.5
765,ORD10765,SHOP_D,GrabFood,2025-04-27 12:40:00,6.78,825,1442,0,156,114645,1946.8
500,ORD10500,SHOP_D,LINE_MAN,2025-04-27 12:41:00,7.62,859,1217,0,157,115470,1959.9
161,ORD10161,SHOP_D,LINE_MAN,2025-04-27 12:42:00,3.43,1133,1728,0,158,116329,1983.8
183,ORD10183,SHOP_D,Robinhood,2025-04-27 12:43:00,3.33,273,840,1,159,117462,1974.4
241,ORD10241,SHOP_D,LINE_MAN,2025-04-27 12:43:00,6.44,1020,472,0,160,117735,1993.3
709,ORD10709,SHOP_D,Robinhood,2025-04-27 12:43:00,2.34,1070,358,0,161,118755,2004.9
55,ORD10055,SHOP_D,Robinhood,2025-04-27 12:44:00,4.99,966,431,1,162,119825,2025.6
122,ORD10122,SHOP_D,Robinhood,2025-04-27 12:44:00,0.53,920,844,0,163,120791,2040.7
123,ORD10123,SHOP_D,ShopeeFood,2025-04-27 12:45:00,4.1,240,1218,0,164,121711,2056.1
367,ORD10367,SHOP_D,GrabFood,2025-04-27 12:45:00,5.99,1044,1619,0,165,121951,2080.8
594,ORD10594,SHOP_D,LINE_MAN,2025-04-27 12:47:00,7.79,834,1506,0,166,122995,2090.0
136,ORD10136,SHOP_D,GrabFood,2025-04-27 12:48:00,0.69,663,208,0,167,123829,2079.7
349,ORD10349,SHOP_D,GrabFood,2025-04-27 12:48:00,6.93,903,1144,0,168,124492,2111.7
358,ORD10358,SHOP_D,LINE_MAN,2025-04-27 12:48:00,1.14,402,1363,0,169,125395,2122.7
448,ORD10448,SHOP_D,Robinhood,2025-04-27 12:48:00,7.59,949,789,0,170,125797,2128.4
139,ORD10139,SHOP_D,LINE_MAN,2025-04-27 12:49:00,6.77,548,469,1,171,126746,2129.5
6,ORD10006,SHOP_D,ShopeeFood,2025-04-27 12:50:00,4.5,793,1501,0,172,127294,2155.8
719,ORD10719,SHOP_D,Robinhood,2025-04-27 12:50:00,1.9,1028,700,0,173,128087,2158.5
92,ORD10092,SHOP_D,LINE_MAN,2025-04-27 12:51:00,3.85,913,1298,0,174,129115,2189.8
106,ORD10106,SHOP_D,Robinhood,2025-04-27 12:51:00,2.72,290,241,0,175,130028,2179.6
527,ORD10527,SHOP_D,ShopeeFood,2025-04-27 12:52:00,3.72,1120,396,1,176,130318,2202.4
786,ORD10786,SHOP_D,LINE_MAN,2025-04-27 12:52:00,1.04,360,1640,0,177,131438,2224.1
611,ORD10611,SHOP_D,Robinhood,2025-04-27 12:53:00,2.8,538,217,0,178,131798,2214.9
76,ORD10076,SHOP_D,LINE_MAN,2025-04-27 12:55:00,1.33,286,1589,0,179,132336,2235.9
475,ORD10475,SHOP_D,Robinhood,2025-04-27 12:55:00,5.64,491,608,1,180,132622,2232.5
627,ORD10627,SHOP_D,LINE_MAN,2025-04-27 12:57:00,0.71,1064,1576,0,181,133113,2265.0
923,ORD10923,SHOP_D,LINE_MAN,2025-04-27 12:57:00,0.81,246,742,0,182,134177,2257.1
363,ORD10363,SHOP_D,LINE_MAN,2025-04-27 13:00:00,6.32,423,252,1,183,134423,2249.1
168,ORD10168,SHOP_D,GrabFood,2025-04-27 13:04:00,6.94,325,810,1,184,134846,2265.6
171,ORD10171,SHOP_D,Robinhood,2025-04-27 13:04:00,0.88,997,1019,1,185,135171,2289.1
589,ORD10589,SHOP_D,ShopeeFood,2025-04-27 13:04:00,2.37,282,1745,0,186,136168,2307.4
202,ORD10202,SHOP_D,Robinhood,2025-04-27 13:05:00,4.94,1039,1409,1,187,136450,2313.8
818,ORD10818,SHOP_D,ShopeeFood,2025-04-27 13:06:00,6.36,1040,633,0,188,137489,2319.5
20,ORD10020,SHOP_D,LINE_MAN,2025-04-27 13:07:00,4.47,1132,1151,0,189,138529,2345.8
446,ORD10446,SHOP_D,GrabFood,2025-04-27 13:08:00,1.39,1043,805,0,190,139661,2361.2
797,ORD10797,SHOP_D,GrabFood,2025-04-27 13:08:00,4.41,382,629,0,191,140704,2361.3
144,ORD10144,SHOP_D,ShopeeFood,2025-04-27 13:09:00,0.64,1059,1426,0,192,141086,2395.1
744,ORD10744,SHOP_D,ShopeeFood,2025-04-27 13:09:00,5.07,835,751,0,193,142145,2398.9
791,ORD10791,SHOP_D,ShopeeFood,2025-04-27 13:09:00,7.95,406,1576,0,194,142980,2416.0
640,ORD10640,SHOP_D,LINE_MAN,2025-04-27 13:10:00,1.14,954,227,1,195,143386,2406.5
53,ORD10053,SHOP_D,Robinhood,2025-04-27 13:11:00,6.46,702,859,0,196,144340,2431.3
688,ORD10688,SHOP_D,LINE_MAN,2025-04-27 13:11:00,3.49,656,1530,1,197,145042,2460.6
821,ORD10821,SHOP_D,Robinhood,2025-04-27 13:11:00,2.23,827,1698,0,198,145698,2473.3
212,ORD10212,SHOP_D,LINE_MAN,2025-04-27 13:12:00,6.79,340,702,0,199,146525,2463.4
227,ORD10227,SHOP_D,ShopeeFood,2025-04-27 13:12:00,3.31,1014,858,0,200,146865,2481.8
350,ORD10350,SHOP_D,LINE_MAN,2025-04-27 13:12:00,1.73,337,364,0,201,147879,2474.9
214,ORD10214,SHOP_D,ShopeeFood,2025-04-27 13:13:00,0.9,333,1675,0,202,148216,2502.8
660,ORD10660,SHOP_D,Robinhood,2025-04-27 13:13:00,6.8,927,972,0,203,148549,2508.2
662,ORD10662,SHOP_D,LINE_MAN,2025-04-27 13:13:00,1.02,439,1056,1,204,149476,2516.4
970,ORD10970,SHOP_D,ShopeeFood,2025-04-27 13:14:00,7.84,1098,578,0,205,149915,2532.3
191,ORD10191,SHOP_D,ShopeeFood,2025-04-27 13:18:00,5.83,1176,1718,0,206,151013,2565.1
562,ORD10562,SHOP_D,Robinhood,2025-04-27 13:19:00,7.16,537,409,0,207,152189,2549.5
172,ORD10172,SHOP_D,Robinhood,2025-04-27 13:20:00,2.54,780,1684,1,208,152726,2590.0
507,ORD10507,SHOP_D,ShopeeFood,2025-04-27 13:20:00,4.5,1164,321,0,209,153506,2583.5
955,ORD10955,SHOP_D,Robinhood,2025-04-27 13:23:00,0.93,372,1069,0,210,154670,2600.4
209,ORD10209,SHOP_D,LINE_MAN,2025-04-27 13:25:00,6.14,1080,660,0,211,155042,2614.5
552,ORD10552,SHOP_D,Robinhood,2025-04-27 13:25:00,4.65,312,696,1,212,156122,2617.5
781,ORD10781,SHOP_D,LINE_MAN,2025-04-27 13:25:00,3.04,1198,1435,0,213,156434,2651.7
595,ORD10595,SHOP_D,Robinhood,2025-04-27 13:31:00,7.74,930,1745,1,214,157632,2672.0
798,ORD10798,SHOP_D,LINE_MAN,2025-04-27 13:31:00,4.87,876,1526,1,215,158562,2687.4
37,ORD10037,SHOP_D,ShopeeFood,2025-04-27 13:34:00,6.89,1195,1751,1,216,159438,2701.8
399,ORD10399,SHOP_D,LINE_MAN,2025-04-27 13:34:00,5.96,765,1294,0,217,160633,2709.0
629,ORD10629,SHOP_D,Robinhood,2025-04-27 13:34:00,5.74,1007,700,0,218,161398,2719.0
186,ORD10186,SHOP_D,ShopeeFood,2025-04-27 13:36:00,7.11,625,1298,0,219,162405,2741.2
461,ORD10461,SHOP_D,LINE_MAN,2025-04-27 13:36:00,4.03,725,1338,0,220,163030,2755.0
661,ORD10661,SHOP_D,LINE_MAN,2025-04-27 13:36:00,6.46,751,860,0,221,163755,2754.5
491,ORD10491,SHOP_D,LINE_MAN,2025-04-27 13:37:00,4.88,288,1621,1,222,164506,2777.7
759,ORD10759,SHOP_D,LINE_MAN,2025-04-27 13:37:00,0.78,751,556,0,223,164794,2764.0
835,ORD10835,SHOP_D,LINE_MAN,2025-04-27 13:38:00,1.92,240,1179,1,224,165545,2782.7
888,ORD10888,SHOP_D,GrabFood,2025-04-27 13:38:00,1.87,967,1760,0,225,165785,2810.3
295,ORD10295,SHOP_D,Robinhood,2025-04-27 13:39:00,0.72,1188,1245,1,226,166752,2820.0
919,ORD10919,SHOP_D,ShopeeFood,2025-04-27 13:39:00,1.49,1078,1102,0,227,167940,2830.8
72,ORD10072,SHOP_D,LINE_MAN,2025-04-27 13:41:00,1.74,454,522,0,228,169018,2836.0
393,ORD10393,SHOP_D,LINE_MAN,2025-04-27 13:42:00,1.85,1033,1348,0,229,169472,2864.5
808,ORD10808,SHOP_D,GrabFood,2025-04-27 13:44:00,2.82,995,428,0,230,170505,2868.7
423,ORD10423,SHOP_D,ShopeeFood,2025-04-27 13:45:00,3.11,1000,469,0,231,171500,2881.4
490,ORD10490,SHOP_D,ShopeeFood,2025-04-27 13:45:00,1.33,586,1683,0,232,172500,2914.4
728,ORD10728,SHOP_D,GrabFood,2025-04-27 13:45:00,1.48,569,1406,1,233,173086,2915.2
948,ORD10948,SHOP_D,LINE_MAN,2025-04-27 13:46:00,5.52,759,1695,1,234,173655,2937.5
199,ORD10199,SHOP_D,ShopeeFood,2025-04-27 13:47:00,1.29,436,680,0,235,174414,2928.9
625,ORD10625,SHOP_D,ShopeeFood,2025-04-27 13:47:00,5.72,377,1423,0,236,174850,2940.6
569,ORD10569,SHOP_D,GrabFood,2025-04-27 13:50:00,3.84,264,533,0,237,175227,2931.4
48,ORD10048,SHOP_D,Robinhood,2025-04-27 13:51:00,0.99,604,634,1,238,175491,2946.4
271,ORD10271,SHOP_D,LINE_MAN,2025-04-27 13:51:00,5.64,486,718,0,239,176095,2957.5
494,ORD10494,SHOP_D,GrabFood,2025-04-27 13:51:00,7.12,398,1375,0,240,176581,2977.8
99,ORD10099,SHOP_D,LINE_MAN,2025-04-27 13:53:00,4.28,1052,1380,0,241,176979,2990.9
865,ORD10865,SHOP_D,GrabFood,2025-04-27 13:53:00,0.78,578,1296,0,242,178031,2997.9
465,ORD10465,SHOP_D,GrabFood,2025-04-27 13:55:00,2.7,1086,500,1,243,178609,3003.9
906,ORD10906,SHOP_D,GrabFood,2025-04-27 13:55:00,2.05,310,1226,0,244,179695,3014.4
101,ORD10101,SHOP_D,LINE_MAN,2025-04-27 13:56:00,4.77,1132,1193,1,245,180005,3037.4
462,ORD10462,SHOP_D,GrabFood,2025-04-27 13:56:00,6.75,1157,571,0,246,181137,3052.4
732,ORD10732,SHOP_D,Robinhood,2025-04-27 13:56:00,6.99,971,391,0,247,182294,3062.7
184,ORD10184,SHOP_D,ShopeeFood,2025-04-27 13:57:00,4.52,346,477,0,248,183265,3070.2
846,ORD10846,SHOP_D,Robinhood,2025-04-27 13:58:00,3.3,583,802,0,249,183611,3079.4
