keyboard,mouse,headphone,,
keyboard,SDcard,mouse,,
headphone,,,,
keyboard,,,,
keyboard,SDcard,mouse,USBdrive,
keyboard,SDcard,,,
mouse,headphone,,,
keyboard,SDcard,mouse,,
keyboard,SDcard,,,
mouse,headphone,,,
keyboard,SDcard,,,
keyboard,SDcard,mouse,,
mouse,headphone,,,
keyboard,SDcard,,,
USBdrive,headphone,,,
keyboard,SDcard,mouse,,
keyboard,SDcard,,,
mouse,headphone,,,
mouse,USBdrive,,,
keyboard,SDcard,headphone,,
keyboard,SDcard,,,
headphone,,,,
keyboard,SDcard,headphone,,
keyboard,SDcard,mouse,,
keyboard,mouse,USBdrive,,
keyboard,SDcard,,,
mouse,headphone,,,
keyboard,SDcard,,,
keyboard,SDcard,mouse,USBdrive,
keyboard,,,,
headphone,,,,
keyboard,SDcard,,,
keyboard,SDcard,headphone,,
keyboard,SDcard,mouse,,
SDcard,headphone,,,
keyboard,SDcard,mouse,,
keyboard,headphone,,,
mouse,headphone,,,
keyboard,SDcard,mouse,,
keyboard,SDcard,,,
SDcard,mouse,headphone,,
keyboard,SDcard,,,
keyboard,mouse,,,
keyboard,SDcard,mouse,,
keyboard,SDcard,USBdrive,,
keyboard,mouse,,,
keyboard,SDcard,,,
keyboard,SDcard,mouse,,
keyboard,headphone,,,
mouse,,,,
keyboard,SDcard,,,
keyboard,SDcard,,,
keyboard,mouse,,,
keyboard,SDcard,mouse,,
keyboard,SDcard,,,
keyboard,,,,
keyboard,SDcard,mouse,headphone,
SDcard,,,,
keyboard,SDcard,USBdrive,,
keyboard,SDcard,mouse,USBdrive,
USBdrive,,,,
keyboard,USBdrive,,,
mouse,,,,
keyboard,SDcard,mouse,USBdrive,
keyboard,SDcard,mouse,,
keyboard,mouse,,,
mouse,,,,
keyboard,SDcard,mouse,headphone,
keyboard,SDcard,,,
keyboard,SDcard,,,
mouse,,,,
SDcard,headphone,,,
keyboard,SDcard,mouse,,
keyboard,SDcard,,,
SDcard,mouse,,,
headphone,,,,
keyboard,SDcard,mouse,USBdrive,headphone
USBdrive,headphone,,,
keyboard,SDcard,headphone,,
SDcard,mouse,,,
keyboard,SDcard,headphone,,
USBdrive,headphone,,,
keyboard,SDcard,,,
keyboard,SDcard,mouse,,
mouse,headphone,,,
mouse,USBdrive,,,
SDcard,,,,
keyboard,SDcard,mouse,,
keyboard,SDcard,,,
mouse,USBdrive,,,
keyboard,SDcard,,,
USBdrive,,,,
keyboard,SDcard,USBdrive,headphone,
keyboard,SDcard,mouse,,
keyboard,SDcard,,,
mouse,,,,
mouse,,,,
keyboard,SDcard,USBdrive,headphone,
keyboard,SDcard,headphone,,
mouse,headphone,,,
